{
  "text": {
    "floorplan": {
      "description2": "Từng khu vực được tính toán kỹ lưỡng để tối ưu dòng di chuyển, trải nghiệm và giá trị khai thác. Tại Essensia Broadway, mỗi bước chân đều mở ra những khoảnh khắc sống đa sắc và thăng hoa.",
      "description1": "Tổng thể dự án được thiết kế như một vũ trụ nghệ thuật đa sắc, nơi trục Nhà phố thương mại là tâm điểm sôi động, Clubhouse là trái tim tiện ích và Nhà phố liền kề là không gian an cư yên tĩnh phía sau. Đặc biệt, khu Công viên Broadway chính là điểm chạm thăng hoa của toàn hành trình, nơi những lễ hội rực rỡ và nhịp sống cộng đồng gắn kết được lan tỏa trọn vẹn trong không gian xanh mở."
    },
    "product": {
      "popup4desc": "Công viên được thiết kế theo phong cách Art Deco hiện đại, nơi mỗi chi tiết đều được trau chuốt và các điểm nhấn kiến trúc đều mô phỏng một “Bản nhạc sống động”. Lấy cảm hứng từ “Avenue of Light - Sân khấu của Ánh sáng và Nghệ thuật”, không gian mở ra chuỗi trải nghiệm đa tầng: quảng trường đón tiếp, khu thể thao và rèn luyện sức khỏe, vườn trị liệu đa giác quan, khu gia đình và trẻ em,... và hơn thế nữa. Tất cả hòa quyện tạo nên nhịp sống năng động, giàu cảm xúc giữa lòng đô thị. 1",
      "popup3tang2tab": "TẦNG 2",
      "popup3tang1title": "Không gian chào đón &amp; <br>trưng bày nghệ thuật",
      "popup3tang3detail": "<div class=\"legend-item\">\n  <div class=\"legend-number\">14.</div>\n  <span class=\"legend-label\">Khu spa</span>\n</div>\n<div class=\"legend-item\">\n  <div class=\"legend-number\">14. 1</div>\n  <span class=\"legend-label\">Khu lễ tân</span>\n</div>\n<div class=\"legend-item\">\n  <div class=\"legend-number\">14. 2</div>\n  <span class=\"legend-label\">Phòng sauna hồi ngoại kết hợp đá muối</span>\n</div>\n<div class=\"legend-item\">\n  <div class=\"legend-number\">14. 3</div>\n  <span class=\"legend-label\">Phòng tắm/W.C</span>\n</div>\n<div class=\"legend-item\">\n  <div class=\"legend-number\">14. 4</div>\n  <span class=\"legend-label\">Phòng trị liệu</span>\n</div>\n<div class=\"legend-item\">\n  <div class=\"legend-number\">14. 5</div>\n  <span class=\"legend-label\">Khu tắm đá lạnh trị liệu bán ngoài trời </span>\n</div>\n<div class=\"legend-item\">\n  <div class=\"legend-number\">15.</div>\n  <span class=\"legend-label\">Khu vui chơi trẻ em trong nhà </span>\n</div>\n<div class=\"legend-item\">\n  <div class=\"legend-number\">16.</div>\n  <span class=\"legend-label\">Phòng chiếu phim</span>\n</div>\n<div class=\"legend-item\">\n  <div class=\"legend-number\">17.</div>\n  <span class=\"legend-label\">Khu giải trí ngoài trời</span>\n</div>\n<div class=\"legend-item\">\n  <div class=\"legend-number\">18.</div>\n  <span class=\"legend-label\">Phòng vệ sinh nữ</span>\n</div>\n<div class=\"legend-item\">\n  <div class=\"legend-number\">19.</div>\n  <span class=\"legend-label\">Phòng vệ sinh nam</span>\n</div>",
      "popup3tang4desc": "Rooftop là điểm hẹn trên cao dành cho những khoảnh khắc đáng nhớ. Với khu Cafe Lounge & Pub ngoài trời cùng không gian tổ chức tiệc và các sự kiện nghệ thuật, đây là nơi lý tưởng để cộng đồng cư dân gặp gỡ, kết nối và cùng nhau tận hưởng vẻ đẹp của phố thị từ trên cao.",
      "popup3tang1desc": "Là nơi bắt đầu của những trải nghiệm tinh tế và khởi đầu cho mọi hoạt động kết nối cộng đồng. Tại đây, cư dân có thể thư giãn tại khu vực quầy bar, minibar, hoặc dạo bước qua khu trưng bày nghệ thuật trong một không gian sinh hoạt nhẹ nhàng, ấm cúng.",
      "popup3tang2title": "Tái tạo năng lượng &amp; <br> Phong cách sống",
      "popup3description2": "Lấy cảm hứng từ concept \"The Agrabah Oasis Club\", Clubhouse là điểm nhấn rực rỡ nhất tại Essensia Broadway, mang đến trải nghiệm tựa như bước vào một \"ốc đảo phép màu\" giữa lòng phố thị. Kiến trúc nơi đây được tạo hình như một cung điện hiện đại với những đường cong mềm mại, mái vòm thanh thoát cùng họa tiết Trung Đông cách điệu tinh xảo, mang đến một thế giới sang trọng và nhiệm màu. Tại đây, nhịp sống Broadway chạm đến ranh giới của mơ và thực, mở ra hành trình trải nghiệm đầy cảm hứng cho mỗi chủ nhân.",
      "popup3tang1tab": "TẦNG 1",
      "popup3tang3title": "Không gian thư giãn & <br> Kết nối gia đình",
      "popup3tang4tab": "ROOFTOP",
      "popup1description1": "Tại Essensia Broadway, mỗi nhà phố thương mại không chỉ đơn thuần là không gian kinh doanh, mà còn là một “sàn diễn” để tôn vinh dấu ấn thương hiệu riêng biệt.",
      "description1": "Bao gồm khu Clubhouse và hệ thống tiện ích hơn 3.000m2, Essensia Broadway bao trọn mọi trải nghiệm từ rèn luyện sức khỏe, nghỉ ngơi thư giãn đến vui chơi giải trí và kết nối cộng đồng. Không dừng lại ở việc đáp ứng nhu cầu sinh hoạt, mỗi không gian tại đây được thiết kế như những phân cảnh liên hoàn, dàn dựng công phu để hoàn thiện vở diễn mang tên “Phong Cách Sống”. Sự kết hợp giữa dấu ấn riêng tư và sự tinh tế trong từng chi tiết tạo nên một đặc quyền tận hưởng dành riêng cho cộng đồng cư dân Essensia Broadway.",
      "popup3tang3tab": "TẦNG 3",
      "popup3tang4title": "Thưởng ngoạn & <br> Giao lưu tinh tế",
      "popup3tang4detail": "<div class=\"legend-item\">\n  <div class=\"legend-number\">20.</div>\n  <span class=\"legend-label\">Khu cafe lounge thư giãn tầng thượng</span>\n</div>\n<div class=\"legend-item\">\n  <div class=\"legend-number\">20. 1</div>\n  <span class=\"legend-label\">Quầy pha chế</span>\n</div>\n<div class=\"legend-item\">\n  <div class=\"legend-number\">21.</div>\n  <span class=\"legend-label\">Khu cafe pub tầng thượng</span>\n</div>\n<div class=\"legend-item\">\n  <div class=\"legend-number\">21. 1</div>\n  <span class=\"legend-label\">Quầy pha chế</span>\n</div>\n<div class=\"legend-item\">\n  <div class=\"legend-number\">21. 2</div>\n  <span class=\"legend-label\">Tiểu cảnh nghệ thuật</span>\n</div>\n<div class=\"legend-item\">\n  <div class=\"legend-number\">22.</div>\n  <span class=\"legend-label\">Phòng vệ sinh</span>\n</div>",
      "popup3description1": "Clubhouse là không gian tiện ích riêng tư dành cho cộng đồng chủ nhân tinh hoa, nơi hội tụ hồ bơi thác nước sợi quang, phòng gym, lounge thư giãn và các khu sinh hoạt cao cấp. Mỗi trải nghiệm tại đây không chỉ là sự tận hưởng, mà còn là cách khẳng định phong cách sống khác biệt, xứng tầm vị thế của những cư dân Broadway.",
      "popup3tang3desc": "Tầng 3 của Clubhouse tập trung vào các tiện ích chăm sóc cá nhân và giải trí riêng tư, nơi cư dân có thể tập trung vào việc tái tạo năng lượng, gắn kết sâu hơn với gia đình. Những điểm nhấn nổi bật bao gồm khu Spa & Trị liệu chuyên sâu, Rạp chiếu phim riêng, Khu vui chơi trẻ em an toàn.",
      "popup3tang2desc": "Nếu tầng trệt là nơi kết nối, thì tầng 2 là trung tâm chăm sóc sức khỏe toàn diện. Cư dân có thể tìm thấy sự cân bằng cho cả thể chất lẫn tinh thần tại hệ thống phòng gym hiện đại, phòng Yoga tĩnh tại,... giúp phục hồi năng lượng sau mỗi ngày dài.",
      "popup4detail": "<div class=\"park-legend-item\">\n  <div class=\"park-legend-number\">1</div>\n  <span class=\"park-legend-label\">Bảng tên dự án 1</span>\n</div>\n<div class=\"park-legend-item\">\n  <div class=\"park-legend-number\">2</div>\n  <span class=\"park-legend-label\">Khu đón tiếp & sân chơi nước</span>\n</div>\n<div class=\"park-legend-item\">\n  <div class=\"park-legend-number\">3</div>\n  <span class=\"park-legend-label\">Chỗ ngồi thư giãn</span>\n</div>\n<div class=\"park-legend-item\">\n  <div class=\"park-legend-number\">4</div>\n  <span class=\"park-legend-label\">Vườn hoa</span>\n</div>\n<div class=\"park-legend-item\">\n  <div class=\"park-legend-number\">5</div>\n  <span class=\"park-legend-label\">Trạm xử lý nước thải</span>\n</div>\n<div class=\"park-legend-item\">\n  <div class=\"park-legend-number\">6</div>\n  <span class=\"park-legend-label\">Nhà vệ sinh công cộng</span>\n</div>\n<div class=\"park-legend-item\">\n  <div class=\"park-legend-number\">7</div>\n  <span class=\"park-legend-label\">Sân thể thao đa năng</span>\n</div>\n<div class=\"park-legend-item\">\n  <div class=\"park-legend-number\">8</div>\n  <span class=\"park-legend-label\">Đường chạy khởi động</span>\n</div>\n<div class=\"park-legend-item\">\n  <div class=\"park-legend-number\">9</div>\n  <span class=\"park-legend-label\">Tượng điêu khắc điểm nhấn</span>\n</div>\n<div class=\"park-legend-item\">\n  <div class=\"park-legend-number\">10</div>\n  <span class=\"park-legend-label\">Khu vực kỹ thuật</span>\n</div>\n<div class=\"park-legend-item\">\n  <div class=\"park-legend-number\">11</div>\n  <span class=\"park-legend-label\">Sân tập thể dục</span>\n</div>\n<div class=\"park-legend-item\">\n  <div class=\"park-legend-number\">12</div>\n  <span class=\"park-legend-label\">Quảng trường đa năng</span>\n</div>\n<div class=\"park-legend-item\">\n  <div class=\"park-legend-number\">13</div>\n  <span class=\"park-legend-label\">Cầu đi bộ điểm nhấn</span>\n</div>\n<div class=\"park-legend-item\">\n  <div class=\"park-legend-number\">14</div>\n  <span class=\"park-legend-label\">Khán đài ngoài trời</span>\n</div>\n<div class=\"park-legend-item\">\n  <div class=\"park-legend-number\">15</div>\n  <span class=\"park-legend-label\">Chòi nghỉ/sân khấu nhỏ</span>\n</div>\n<div class=\"park-legend-item\">\n  <div class=\"park-legend-number\">16</div>\n  <span class=\"park-legend-label\">Không gian nhạc nước</span>\n</div>\n<div class=\"park-legend-item\">\n  <div class=\"park-legend-number\">17</div>\n  <span class=\"park-legend-label\">Lối tiếp cận từ nội khu</span>\n</div>\n<div class=\"park-legend-item\">\n  <div class=\"park-legend-number\">18</div>\n  <span class=\"park-legend-label\">Công viên thú cưng</span>\n</div>\n<div class=\"park-legend-item\">\n  <div class=\"park-legend-number\">19</div>\n  <span class=\"park-legend-label\">Vườn thảo mộc</span>\n</div>\n<div class=\"park-legend-item\">\n  <div class=\"park-legend-number\">20</div>\n  <span class=\"park-legend-label\">Đường reflexology</span>\n</div>\n<div class=\"park-legend-item\">\n  <div class=\"park-legend-number\">21</div>\n  <span class=\"park-legend-label\">Khu vực BBQ</span>\n</div>\n<div class=\"park-legend-item\">\n  <div class=\"park-legend-number\">22</div>\n  <span class=\"park-legend-label\">Bãi cỏ đa năng</span>\n</div>\n<div class=\"park-legend-item\">\n  <div class=\"park-legend-number\">23</div>\n  <span class=\"park-legend-label\">Sàn gỗ ngắm cảnh</span>\n</div>\n<div class=\"park-legend-item\">\n  <div class=\"park-legend-number\">24</div>\n  <span class=\"park-legend-label\">Sân chơi trẻ em</span>\n</div>",
      "popup3tang1detail": "<div class=\"legend-item\">\n  <div class=\"legend-number\">1.</div>\n  <span class=\"legend-label\">Quầy bar</span>\n</div>\n<div class=\"legend-item\">\n  <div class=\"legend-number\">2.</div>\n  <span class=\"legend-label\">Khu thay đồ nam</span>\n</div>\n<div class=\"legend-item\">\n  <div class=\"legend-number\">2. 1</div>\n  <span class=\"legend-label\">Khu tủ locker</span>\n</div>\n<div class=\"legend-item\">\n  <div class=\"legend-number\">3</div>\n  <span class=\"legend-label\">Khu thay đồ nữ</span>\n</div>\n<div class=\"legend-item\">\n  <div class=\"legend-number\">3. 1</div>\n  <span class=\"legend-label\">Khu tủ locker</span>\n</div>\n<div class=\"legend-item\">\n  <div class=\"legend-number\">3. 2</div>\n  <span class=\"legend-label\">Phòng W.C khuyết tật</span>\n</div>\n<div class=\"legend-item\">\n  <div class=\"legend-number\">4</div>\n  <span class=\"legend-label\">Thang máy</span>\n</div>\n<div class=\"legend-item\">\n  <div class=\"legend-number\">5</div>\n  <span class=\"legend-label\">Cầu thang</span>\n</div>\n<div class=\"legend-item\">\n  <div class=\"legend-number\">6</div>\n  <span class=\"legend-label\">Phòng kho</span>\n</div>\n<div class=\"legend-item\">\n  <div class=\"legend-number\">7</div>\n  <span class=\"legend-label\">Phòng triển lãm/SHCĐ</span>\n</div>\n<div class=\"legend-item\">\n  <div class=\"legend-number\">7. 1</div>\n  <span class=\"legend-label\">Tủ minibar</span>\n</div>\n<div class=\"legend-item\">\n  <div class=\"legend-number\">7. 2</div>\n  <span class=\"legend-label\">Phòng trưng bày Artwork </span>\n</div>\n<div class=\"legend-item\">\n  <div class=\"legend-number\">7. 3</div>\n  <span class=\"legend-label\">Artwork treo tường</span>\n</div>\n<div class=\"legend-item\">\n  <div class=\"legend-number\">7. 4</div>\n  <span class=\"legend-label\">Artwork</span>\n</div>",
      "popup3tang2detail": "<div class=\"legend-item\">\n  <div class=\"legend-number\">8.</div>\n  <span class=\"legend-label\">Phòng Gym</span>\n</div>\n<div class=\"legend-item\">\n  <div class=\"legend-number\">8. 1</div>\n  <span class=\"legend-label\">Khu máy tập</span>\n</div>\n<div class=\"legend-item\">\n  <div class=\"legend-number\">8. 2</div>\n  <span class=\"legend-label\">Khu nâng tạ</span>\n</div>\n<div class=\"legend-item\">\n  <div class=\"legend-number\">8. 3</div>\n  <span class=\"legend-label\">Tủ nước và locker</span>\n</div>\n<div class=\"legend-item\">\n  <div class=\"legend-number\">9.</div>\n  <span class=\"legend-label\">Phòng yoga</span>\n</div>\n<div class=\"legend-item\">\n  <div class=\"legend-number\">9. 1</div>\n  <span class=\"legend-label\">Tủ dụng cụ yoga</span>\n</div>\n<div class=\"legend-item\">\n  <div class=\"legend-number\">10. 1</div>\n  <span class=\"legend-label\">Khu thư viện kết hợp làm việc chung</span>\n</div>\n<div class=\"legend-item\">\n  <div class=\"legend-number\">10. 2</div>\n  <span class=\"legend-label\">Khu máy in</span>\n</div>\n<div class=\"legend-item\">\n  <div class=\"legend-number\">10. 3</div>\n  <span class=\"legend-label\">Khu bàn làm việc</span>\n</div>\n<div class=\"legend-item\">\n  <div class=\"legend-number\">11.</div>\n  <span class=\"legend-label\">Khu ngồi đọc sách</span>\n</div>\n<div class=\"legend-item\">\n  <div class=\"legend-number\">11. 1</div>\n  <span class=\"legend-label\">Khu thư giãn kết hợp golf giả lập </span>\n</div>\n<div class=\"legend-item\">\n  <div class=\"legend-number\">11. 2</div>\n  <span class=\"legend-label\">Tủ mini bar</span>\n</div>\n<div class=\"legend-item\">\n  <div class=\"legend-number\">11. 3</div>\n  <span class=\"legend-label\">Phòng vệ sinh nữ</span>\n</div>\n<div class=\"legend-item\">\n  <div class=\"legend-number\">11. 4</div>\n  <span class=\"legend-label\">Phòng vệ sinh nam</span>\n</div>",
      "description2": "Vượt trên những tiện nghi thông thường, hệ thống tiện ích tại đây mở ra một hành trình trải nghiệm đầy cảm hứng – nơi mỗi ngày trôi qua như một màn trình diễn mới. Trong không gian được chăm chút tỉ mỉ, mỗi cư dân trở thành “ngôi sao” của chính phong cách sống mình lựa chọn.",
      "popup2description1": "Khơi nguồn từ ý tưởng “The Rewritten House” - ngôi nhà của tương lai, khu nhà phố liền kề của Essensia Broadway là nơi mỗi chủ nhân tự mình viết nên chương mới trong hành trình tỏa sáng. Với số lượng chỉ 56 căn giới hạn, không gian sống được thiết kế theo tinh thần hiện đại, tinh tế và thông minh, hài hòa giữa tiện nghi và cảm xúc thẩm mỹ, mang đến một tổ ấm yên bình nhưng vẫn kết nối trọn vẹn với nhịp sống sôi động xung quanh. Không chỉ đơn thuần là nơi để trở về, mỗi ngôi nhà tại đây còn là một “không gian định danh” dành riêng cho những người tiên phong - nơi bạn tự tin kiến tạo phong cách và định hình giá trị tương lai của chính mình.",
      "popup1description2": "Sở hữu số lượng giới hạn chỉ 31 căn, mỗi không gian tại đây được lấy cảm hứng từ phong cách The Great Gatsby - biểu tượng của sự quyến rũ và tinh thần Art Deco kinh điển. Dự án mang đến những không gian trình diễn đậm chất nghệ thuật với mặt tiền đại lộ nổi bật. Nhờ khả năng khai thác linh hoạt cho các lĩnh vực F&B, bán lẻ và nhiều dịch vụ hiện đại khác, nơi đây hứa hẹn trở thành tâm điểm giao thương năng động, nơi mỗi thương hiệu đều có cơ hội tỏa sáng giữa nhịp sống không ngừng của Nam Sài Gòn."
    },
    "framedepicting": {
      "shophouse": "SHOPHOUSE",
      "clubhouse": "CLUBHOUSE",
      "congvien": "CÔNG VIÊN",
      "tongthe": "TỔNG THỂ",
      "townhouse": "TOWNHOUSE"
    },
    "homepage": {
      "description1": "Ánh đèn rực rỡ, nhịp sống sôi động và tinh thần nghệ thuật lan tỏa trong từng khoảnh khắc - Essensia Broadway mở ra một chuẩn mực sống mới, nơi đô thị được kiến tạo như một không gian trình diễn sống động giữa lòng Nam Sài Gòn.",
      "description3": "Được kiến tạo bởi Nhà phát triển Phú Long tạo nên một không gian sống thời thượng, đầy cảm hứng và đậm chất riêng.",
      "description2": "Với mô hình Art-Urban độc đáo, Essensia Broadway định hình là khu phố thương mại kết hợp nghệ thuật đầu tiên tại khu vực, mang đến giá trị sở hữu khan hiếm với số lượng giới hạn chỉ 87 căn."
    },
    "developer": {
      "description": "<p>\n  Trong gần hai thập kỷ, Phú Long đã đóng vai trò như \"người đứng sau ánh đèn\", âm thầm kiến\n  tạo nên những chuyển mình ngoạn mục cho phía Nam Sài Gòn. Từ vùng đất hoang sơ dọc trục\n  Nguyễn Hưu Thọ, Phú Long đã xây dựng Dragon City, mở ra một trung tâm đô thị năng động với\n  hàng nghìn căn hộ - biệt thự cao cấp, cộng đồng cư dân văn minh và hệ sinh thái dịch vụ hoàn\n  chỉnh.6\n</p>\n<p>\n  Không dừng lại ở đó, sự hợp tác cùng Keppel Land trong Celesta City tiếp tục khẳng định tầm\n  nhìn đổi mới, mang đến những sản phẩm bất động sản bền vững và chuẩn mực cao cấp cho Nam Sài\n  Gòn.\n</p>\n<p>\n  Và giờ dây, Essensia Broadway trở thành chương diễn tiếp theo trong hành trình ấy - một đại\n  lộ thương mại mang tinh thần Broadway đầu tiên của khu vực, nơi Phú Long tiếp tục thể hiện\n  vai trò \"đạo diễn\" của những không gian sống thời thượng và giàu cảm hứng. Essensia Broadway\n  không chỉ là một dự án, mà là lời khẳng định mạng mẽ cho kỷ nguyên mới của Phú Long: kiến\n  tạo phong cách sống, nâng tầm trải nghiệm, và thắp sáng tương lai đô thị phía Nam Sài Gòn.\n</p>",
      "partnersdescription1": "TƯ VẤN THIẾT KẾ CẢNH QUAN",
      "partnersdescription2": "TƯ VẤN THIẾT KẾ FACADE & NỘI THẤT",
      "partnerstitle": "ĐỐI TÁC ĐỒNG HÀNH",
      "partnersdescription3": "TỔNG ĐẠI LÝ"
    },
    "contact": {
      "hotline": "090.629.6868",
      "copyright": "©2025 Bản quyền thuộc về Nhà phát triển Phú Long",
      "company": "PHU LONG PAVILION",
      "fromInfo": "Hãy để lại thông tin để đội ngũ tư vấn gửi đến bạn chi tiết về mặt bằng, cung cấp bảng giá và chính sách mới nhất, giúp bạn dễ dàng đưa ra quyết định sở hữu phù hợp nhất.",
      "address": "<a href=\"https://maps.app.goo.gl/VKCC825cQWVLa5qE8?g_st=ic\" target=\"_blank\">Tầng G, toà nhà PV Gas<br>673 Nguyễn Hữu Thọ, Nhà Bè, TP Hồ Chí Minh</a>",
      "sociallinkfacebook": "https://www.facebook.com/EssensiaNSG?locale=vi_VN",
      "email": "<a href=\"mailto:info@essensia.com.vn\" target=\"_blank\">info@essensia.com.vn</a>",
      "sociallinktiktok": "https://www.tiktok.com/@essensianamsaigon"
    },
    "location": {
      "description2": "Nằm ở vị trí trung tâm của quần thể Essensia - Celesta đã hình thành, Essensia Broadway thừa hưởng sẵn cộng đồng tinh hoa hiện hữu, nhu cầu tiêu dùng thực và nhịp sống ổn định. Sở hữu lợi thế TOD (Transit-Oriented Development), Essensia Broadway là sự giao thoa giữa trục giao thông, hạ tầng tương lai và cộng đồng sẵn có, từ đó định hình dự án như một tâm điểm kết nối, nơi giá trị không ngừng được nâng tầm theo thời gian.",
      "description1": "Tọa lạc trên mặt tiền Nguyễn Hữu Thọ - đại lộ phồn hoa kết nối trực tiếp trung tâm và Nam Sài Gòn, Essensia Broadway thừa hưởng lợi thế là điểm giao của những dòng lưu thông sôi động nhất, nơi cư dân, thương mại và dịch vụ liên tục hội tụ. Lợi thế ấy được khuếch đại khi dự án liền kề tuyến Metro số 4 trong tương lai, đưa Essensia Broadway trở thành điểm chạm của kết nối hiện đại và động lực tăng trưởng dài hạn."
    },
    "news": {
      "items": [
        {
          "thumbnail": "images/news/Panorama_Essensia_4.webp",
          "summary": "Trong quỹ đạo tái thiết thương mại phía nam TP.HCM, Essensia Broadway xuất hiện như mảnh ghép dẫn dắt thị trường.",
          "link": "http://znews.vn/essensia-broadway-nhip-dap-thuong-mai-moi-phia-nam-tphcm-post1611401.html",
          "title": "Essensia Broadway - 'nhịp đập thương mại' mới phía nam TP.HCM"
        },
        {
          "thumbnail": "images/news/4_1.webp",
          "title": "Essensia Broadway - bữa tiệc ánh sáng dẫn dắt phong cách sống đô thị",
          "summary": "Trong phát triển đô thị cao cấp, ánh sáng ngày càng trở thành “chỉ dấu chất lượng” - yếu tố giúp một tuyến phố khác biệt và dễ nhớ.",
          "link": "https://znews.vn/essensia-broadway-bua-tiec-anh-sang-dan-dat-phong-cach-song-do-thi-post1610465.html"
        },
        {
          "thumbnail": "images/news/img-4061-176528559486253165873-1765325706430637227906.webp",
          "summary": "Tựa một sân khấu mở giữa phía Nam TP Hồ Chí Minh đang chuyển mình, Essensia Broadway mang tinh thần Broadway và ngôn ngữ Art-Deco vào từng không gian, tạo nền tảng cho lối sống đậm chất nghệ thuật giữa trái tim khu Nam.",
          "title": "Art-Deco: Từ di sản kiến trúc đến bản sắc của Essensia Broadway",
          "link": "https://cafef.vn/art-deco-tu-di-san-kien-truc-den-ban-sac-cua-essensia-broadway-188251210071001254.chn"
        },
        {
          "summary": "Là tổ hợp Art-Urban ở Nam Sài Gòn, Essensia Broadway kiến tạo không gian khác biệt, nơi mỗi bước chân, mỗi khoảnh khắc đều trở thành một màn trình diễn của phong cách và cảm xúc.",
          "thumbnail": "images/news/image001jpg-1764754596750.webp?v=0.0.1",
          "link": "https://dantri.com.vn/bat-dong-san/essensia-broadway-khi-khong-gian-song-mang-am-huong-nhac-kich-20251203164359515.htm",
          "title": "Essensia Broadway - Khi không gian sống mang âm hưởng nhạc kịch"
        },
        {
          "thumbnail": "images/news/quan710jpg-1765014488718.webp?v=0.0.1",
          "title": "Nhà phát triển Phú Long: Đưa nghệ thuật trở thành nhịp sống mới của Nam Sài Gòn",
          "summary": "Sự phát triển nhanh của đô thị hiện đại đang khiến nhu cầu sống của cư dân thay đổi đáng kể. Thay vì chỉ tìm một nơi để ở, nhiều người theo đuổi chất lượng sống cao bắt đầu ưu tiên những không gian có bản sắc, trải nghiệm và truyền cảm hứng.",
          "link": "https://dantri.com.vn/bat-dong-san/nha-phat-trien-phu-long-dua-nghe-thuat-tro-thanh-nhip-song-moi-cua-nam-sai-gon-20251206165255724.htm"
        },
        {
          "link": "https://dantri.com.vn/bat-dong-san/nha-phat-trien-phu-long-dua-nghe-thuat-tro-thanh-nhip-song-moi-cua-nam-sai-gon-20251206165255724.htm",
          "title": "Tại sao TP.HCM cần một “sân khấu” đô thị đậm chất Broadway",
          "thumbnail": "images/news/Anh-1_Shutterstock.jpg",
          "summary": "Các đô thị lớn thế giới đều có đại lộ biểu tượng hòa quyện văn hóa, nghệ thuật, thương mại làm nên bản sắc. TP.HCM vẫn thiếu “sân khấu” định danh riêng."
        },
        {
          "summary": "Essensia Broadway - dự án thấp tầng theo mô hình kết hợp thương mại và nghệ thuật, khởi công ngày 28/11, là dự án thứ ba trong quần thể Essensia Nam Sài Gòn.",
          "thumbnail": "images/news/news-4.jpg?v=0.0.1",
          "link": "https://vnexpress.net/phu-long-khoi-cong-pho-thuong-mai-va-nghe-thuat-tai-khu-nam-tp-hcm-4987385.html",
          "title": "(TCBC) Phú Long khởi công Essensia Broadway - Phố thương mại và nghệ thuật đương đại đầu tiên tại Nam Sài Gòn"
        },
        {
          "link": "https://laodong.vn/thong-tin-doanh-nghiep/essensia-broadway-khi-anh-sang-nang-tam-trai-nghiem-va-thuong-hieu-1623852.ldo",
          "thumbnail": "images/news/Fa544260301dbf43e60c.jpg",
          "title": "Essensia Broadway - bữa tiệc ánh sáng dẫn dắt phong cách sống đô thị",
          "summary": "Nhà phát triển Phú Long ứng dụng ánh sáng tại Essensia Broadway, nâng tầm trải nghiệm sống cư dân và tạo lợi thế cạnh tranh cho các thương hiệu."
        },
        {
          "summary": "Các đô thị lớn thế giới đều có đại lộ biểu tượng hòa quyện văn hóa, nghệ thuật, thương mại làm nên bản sắc. TP.HCM vẫn thiếu “sân khấu” định danh riêng.",
          "link": "https://laodong.vn/thong-tin-doanh-nghiep/tai-sao-tphcm-can-mot-san-khau-do-thi-dam-chat-broadway-1620735.ldo#:~:text=N%C6%A1i%20%C4%91%C3%A2y%20quy%20t%E1%BB%A5%20c%E1%BB%99ng,phong%20c%C3%A1ch%20s%E1%BB%91ng%20kh%C3%A1c%20bi%E1%BB%87t.",
          "thumbnail": "images/news/Anh-2_Hoang-Luan.jpg",
          "title": "Tại sao TP.HCM cần một “sân khấu” đô thị đậm chất Broadway"
        },
        {
          "link": "https://cafeland.vn/tin-tuc/essensia-broadway-song-giua-pho-thi-art-urban-noi-moi-ngay-la-mot-man-trinh-dien-cua-phong-cach-146339.html",
          "title": "Essensia Broadway: Sống giữa phố thị Art-Urban, nơi mỗi ngày là một màn trình diễn của phong cách",
          "summary": "Là tổ hợp Art-Urban tiên phong tại khu Nam Sài Gòn, Essensia Broadway kiến tạo một không gian hoàn toàn khác biệt, nơi mỗi bước chân, mỗi khoảnh khắc đều trở thành một màn trình diễn của phong cách và cảm xúc.",
          "thumbnail": "images/news/image-20251203153532-1.jpeg"
        },
        {
          "summary": "Trong quỹ đạo tái thiết thương mại của Nam Sài Gòn, Essensia Broadway xuất hiện như một mảnh ghép dẫn dắt. Dự án sở hữu thiết kế tinh giản giàu thẩm mỹ, vị trí chiến lược trên đại lộ Nguyễn Hữu Thọ và khả năng vận hành bền vững.",
          "title": "Khi Essensia Broadway trở thành “nhịp đập thương mại” mới của Nam Sài Gòn",
          "thumbnail": "images/news/image-20251213123654-1.jpeg",
          "link": "https://cafeland.vn/tin-tuc/khi-essensia-broadway-tro-thanh-nhip-dap-thuong-mai-moi-cua-nam-sai-gon-146738.html"
        },
        {
          "thumbnail": "images/news/3-17649324178591997387885.webp",
          "title": "Tại sao TP.HCM cần một ",
          "link": "https://thanhnien.vn/tai-sao-tphcm-can-mot-san-khau-do-thi-dam-chat-broadway-185251205181008402.htm",
          "summary": "Trong khi những thành phố lớn trên thế giới đều sở hữu một đại lộ mang tính biểu tượng - nơi văn hóa, nghệ thuật và thương mại hòa quyện để tạo nên bản sắc đô thị - TP.HCM vẫn thiếu một 'sân khấu' đủ sức định danh thành phố."
        },
        {
          "title": "Nhà phát triển Phú Long: Đưa nghệ thuật trở thành nhịp sống mới của Nam Sài Gòn",
          "thumbnail": "images/news/quan710.jpg",
          "link": "https://tienphong.vn/nha-phat-trien-phu-long-dua-nghe-thuat-tro-thanh-nhip-song-moi-cua-nam-sai-gon-post1802422.tpo",
          "summary": "Sự phát triển nhanh của đô thị hiện đại đang khiến nhu cầu sống của cư dân thay đổi đáng kể. Thay vì chỉ tìm một nơi để ở, nhiều người trẻ thành đạt và các gia đình theo đuổi chất lượng sống cao bắt đầu ưu tiên những không gian có bản sắc, trải nghiệm và khả năng truyền cảm hứng cho cuộc sống hằng ngày."
        },
        {
          "thumbnail": "images/news/shutterstock_1554541403_crop16x9.jpg",
          "summary": "Tựa một sân khấu mở giữa Nam Sài Gòn đang chuyển mình, Essensia Broadway mang tinh thần Broadway và ngôn ngữ Art-Deco vào từng không gian, tạo nền tảng cho lối sống đậm chất nghệ thuật giữa trái tim khu Nam.",
          "title": "Art-Deco: Từ di sản kiến trúc đến bản sắc của Essensia Broadway",
          "link": "https://congluan.vn/art-deco-tu-di-san-kien-truc-den-ban-sac-cua-essensia-broadway-10322007.html"
        }
      ]
    },
    "menu": {
      "nav_2": "VỊ TRÍ",
      "nav_5": "MẶT BẰNG",
      "nav_3": "SẢN PHẨM",
      "nav_6": "TIN TỨC",
      "nav_1": "TRANG CHỦ",
      "nav_4": "ĐẶC QUYỀN"
    }
  },
  "images": {
    "sliderGroups": [
      {
        "key": "slider_product_1",
        "images": [
          {
            "mobile": "images/slide-thuongmai/mobile_top_1.png",
            "alt": "image 1",
            "tab": "images1",
            "des": "",
            "order": 1,
            "desktop": "images/slide-thuongmai/top_1.png"
          },
          {
            "mobile": "images/slide-thuongmai/mobile_top_2.png",
            "alt": "image 2",
            "desktop": "images/slide-thuongmai/top-2.jpg",
            "tab": "image2",
            "des": "",
            "order": 2
          },
          {
            "mobile": "images/slide-thuongmai/mobile_top_3.png",
            "desktop": "images/slide-thuongmai/top-3.jpg",
            "order": 3,
            "des": "",
            "alt": "image3",
            "tab": "image3"
          },
          {
            "mobile": "images/slide-thuongmai/mobile_top_4.png",
            "des": "",
            "desktop": "images/slide-thuongmai/top-4.jpg",
            "alt": "image 4",
            "order": 4,
            "tab": "image4"
          },
          {
            "tab": "image5",
            "alt": "image 5",
            "order": 5,
            "mobile": "images/slide-thuongmai/mobile_top_5.jpg",
            "desktop": "images/slide-thuongmai/top-5.jpg",
            "des": ""
          }
        ]
      },
      {
        "images": [
          {
            "tab": "image1",
            "order": 1,
            "des": "",
            "desktop": "images/slide-thuongmai/1.jpg",
            "mobile": "images/slide-thuongmai/1.jpg",
            "alt": "image 1"
          },
          {
            "desktop": "images/slide-thuongmai/2.jpg",
            "mobile": "images/slide-thuongmai/2.jpg",
            "tab": "image2",
            "order": 2,
            "des": "",
            "alt": "image 2"
          },
          {
            "des": "",
            "desktop": "images/slide-thuongmai/3.jpg",
            "mobile": "images/slide-thuongmai/3.jpg",
            "order": 3,
            "alt": "image 3",
            "tab": "image3"
          },
          {
            "des": "",
            "mobile": "images/slide-thuongmai/4.jpg",
            "order": 4,
            "tab": "image4",
            "desktop": "images/slide-thuongmai/4.jpg",
            "alt": "image 4"
          },
          {
            "tab": "image5",
            "des": "",
            "desktop": "images/slide-thuongmai/5.jpg",
            "mobile": "images/slide-thuongmai/5.jpg",
            "alt": "image 5",
            "order": 5
          }
        ],
        "key": "slider_product_2"
      },
      {
        "key": "slider_product_3",
        "images": [
          {
            "desktop": "images/slide-nhapholienke/top-1.png",
            "des": "",
            "tab": "image1",
            "order": 1,
            "alt": "image 1",
            "mobile": "images/slide-nhapholienke/top-mobile-1.jpg"
          },
          {
            "des": "",
            "desktop": "images/slide-nhapholienke/top-2.jpg",
            "tab": "image2",
            "mobile": "images/slide-nhapholienke/top-mobile-2.png",
            "alt": "image 2",
            "order": 2
          }
        ]
      },
      {
        "key": "slider_product_4",
        "images": [
          {
            "desktop": "images/slide-nhapholienke/1.jpg",
            "tab": "image1",
            "des": "",
            "mobile": "images/slide-nhapholienke/1.jpg",
            "order": 1,
            "alt": "image 1"
          },
          {
            "mobile": "images/slide-nhapholienke/2.jpg",
            "des": "",
            "tab": "image2",
            "desktop": "images/slide-nhapholienke/2.jpg",
            "alt": "image 2",
            "order": 2
          },
          {
            "tab": "image3",
            "mobile": "images/slide-nhapholienke/3.jpg",
            "desktop": "images/slide-nhapholienke/3.jpg",
            "order": 3,
            "alt": "image 3",
            "des": ""
          },
          {
            "des": "",
            "order": 4,
            "alt": "image4",
            "desktop": "images/slide-nhapholienke/4.jpg",
            "tab": "image4",
            "mobile": "images/slide-nhapholienke/6.jpg"
          },
          {
            "mobile": "images/slide-nhapholienke/5.jpg",
            "tab": "image5",
            "desktop": "images/slide-nhapholienke/5.jpg",
            "order": 5,
            "alt": "image 5",
            "des": ""
          }
        ]
      },
      {
        "key": "park_slider",
        "images": [
          {
            "tab": "image1",
            "alt": "CÔNG VIÊN THÚ CƯNG",
            "des": "Không gian riêng dành cho các “thành viên bốn chân” với thảm xanh rộng thoáng, cho phép thú cưng tự do vận động. Khu vực ghế nghỉ dưới tán cây là nơi các chủ nuôi gặp gỡ, giao lưu và chia sẻ những khoảnh khắc gắn kết.",
            "mobile": "images/gallary-park/cong-vien-thu-cung-mobile.jpg",
            "order": 1,
            "desktop": "images/gallary-park/cong-vien-thu-cung.jpg"
          },
          {
            "desktop": "images/gallary-park/san-the-thao-da-nang.jpg",
            "alt": "SÂN THỂ THAO ĐA NĂNG",
            "tab": "image2",
            "order": 2,
            "mobile": "images/gallary-park/san-the-thao-da-nang-mobile.jpg",
            "des": "Được bao bọc bởi cảnh quan xanh mát, sân thể thao là điểm hẹn cho cư dân rèn luyện thể chất, kết nối cộng đồng và tận hưởng nhịp sống năng động giữa thiên nhiên. Với thiết kế hiện đại, mặt sân đạt chuẩn cùng hệ thống rào chắn an toàn, đây là không gian lý tưởng cho những trận bóng rổ, cầu lông hay tennis kịch tính."
          },
          {
            "desktop": "images/gallary-park/khan-dai-ngoai-troi.jpg",
            "tab": "image3",
            "mobile": "images/gallary-park/khan-dai-ngoai-troi-mobile.jpg",
            "order": 3,
            "alt": "KHÁN ĐÀI NGOÀI TRỜI",
            "des": "Khán đài ngoài trời có thiết kế hình cung hướng hồ, là không gian sinh hoạt cộng đồng giàu cảm xúc. Hệ đèn LED dây tạo hiệu ứng ánh sáng ấn tượng về đêm, mang đến bối cảnh lý tưởng cho các hoạt động văn hóa, thưởng lãm nhạc nước hay những khoảnh khắc nghỉ chân thư thái."
          },
          {
            "des": "Chòi nghỉ chân được thiết kế như một điểm nhấn bên mặt nước, nơi cư dân thư giãn, gặp gỡ và tận hưởng không gian xanh trong nhịp sống Art-Urban. Với không gian mở và bố cục linh hoạt, khu vực này đồng thời là địa điểm tổ chức các sự kiện cộng đồng quy mô nhỏ, mang đến những khoảnh khắc kết nối sống động giữa cảnh quan và đời sống phố thị.",
            "desktop": "images/gallary-park/choi-nghi-chan.jpg",
            "tab": "image4",
            "alt": "CHÒI NGHỈ CHÂN",
            "order": 4,
            "mobile": "images/gallary-park/choi-nghi-chan-mobile.jpg"
          },
          {
            "desktop": "images/gallary-park/duong-dao-bo.jpg",
            "order": 5,
            "mobile": "images/gallary-park/duong-dao-bo-mobile.jpg",
            "des": "Đường dạo bộ uốn lượn giữa mảng xanh và kiến trúc, nơi cư dân thong thả tản bộ, trò chuyện và tận hưởng không khí trong lành mỗi ngày. Cây xanh, ánh sáng và các điểm nghỉ chân đan xen hài hòa, tạo nên một nhịp sống mềm mại, thư thái đầy sinh khí.",
            "tab": "image5",
            "alt": "ĐƯỜNG DẠO BỘ"
          }
        ],
        "name": "Nhóm Slider Park"
      }
    ],
    "sliderGroupsProduct": [
      {
        "key": "slider_product_1",
        "images": [
          {
            "desktop": "images/slide-thuongmai/top-5.jpg",
            "tab": "image5",
            "alt": "image 5",
            "des": "",
            "order": 1,
            "mobile": "images/slide-thuongmai/mobile_top_5.png"
          },
          {
            "des": "",
            "tab": "image2",
            "alt": "image 2",
            "order": 2,
            "mobile": "images/slide-thuongmai/mobile_top_2.png",
            "desktop": "images/slide-thuongmai/top-2.jpg"
          },
          {
            "tab": "image3",
            "alt": "image3",
            "des": "",
            "desktop": "images/slide-thuongmai/top-3.jpg",
            "order": 3,
            "mobile": "images/slide-thuongmai/mobile_top_3.png"
          },
          {
            "order": 4,
            "mobile": "images/slide-thuongmai/mobile_top_4.png",
            "desktop": "images/slide-thuongmai/top-4.jpg",
            "tab": "image4",
            "alt": "image 4",
            "des": ""
          },
          {
            "des": "",
            "order": 5,
            "mobile": "images/slide-thuongmai/mobile_top_1.png",
            "desktop": "images/slide-thuongmai/top-1.png",
            "alt": "image 1",
            "tab": "images1"
          }
        ],
        "name": "Nhóm Slider Sản phẩm 1"
      },
      {
        "images": [
          {
            "alt": "image 1",
            "des": "",
            "desktop": "images/slide-thuongmai/1.jpg",
            "order": 1,
            "tab": "image1",
            "mobile": "images/slide-thuongmai/1.jpg"
          },
          {
            "mobile": "images/slide-thuongmai/2.jpg",
            "alt": "image 2",
            "des": "",
            "order": 2,
            "desktop": "images/slide-thuongmai/2.jpg",
            "tab": "image2"
          },
          {
            "tab": "image3",
            "des": "",
            "alt": "image 3",
            "order": 3,
            "mobile": "images/slide-thuongmai/3.jpg",
            "desktop": "images/slide-thuongmai/3.jpg"
          },
          {
            "tab": "image4",
            "des": "",
            "desktop": "images/slide-thuongmai/4.jpg",
            "mobile": "images/slide-thuongmai/4.jpg",
            "order": 4,
            "alt": "image 4"
          },
          {
            "order": 5,
            "desktop": "images/slide-thuongmai/5.jpg",
            "alt": "image 5",
            "tab": "image5",
            "mobile": "images/slide-thuongmai/5.jpg",
            "des": ""
          }
        ],
        "name": "Nhóm Slider Sản phẩm 2",
        "key": "slider_product_2"
      },
      {
        "name": "Nhóm Slider Sản phẩm 3",
        "images": [
          {
            "alt": "image 1",
            "desktop": "images/slide-nhapholienke/top-1.png",
            "mobile": "images/slide-nhapholienke/top-mobile-1.jpg",
            "tab": "image1",
            "order": 1,
            "des": ""
          },
          {
            "order": 2,
            "des": "",
            "alt": "image 2",
            "tab": "image2",
            "mobile": "images/slide-nhapholienke/top-mobile-2.png",
            "desktop": "images/slide-nhapholienke/top-2.jpg"
          }
        ],
        "key": "slider_product_3"
      },
      {
        "images": [
          {
            "des": "",
            "order": 1,
            "tab": "image1",
            "alt": "image 1",
            "desktop": "images/slide-nhapholienke/1.jpg",
            "mobile": "images/slide-nhapholienke/1.jpg"
          },
          {
            "desktop": "images/slide-nhapholienke/2.jpg",
            "tab": "image2",
            "des": "",
            "alt": "image 2",
            "order": 2,
            "mobile": "images/slide-nhapholienke/2.jpg"
          },
          {
            "order": 3,
            "mobile": "images/slide-nhapholienke/3.jpg",
            "alt": "image 3",
            "desktop": "images/slide-nhapholienke/3.jpg",
            "tab": "image3",
            "des": ""
          },
          {
            "des": "",
            "mobile": "images/slide-nhapholienke/6.jpg",
            "alt": "image4",
            "order": 4,
            "desktop": "images/slide-nhapholienke/4.jpg",
            "tab": "image4"
          },
          {
            "alt": "image 5",
            "des": "",
            "desktop": "images/slide-nhapholienke/5.jpg",
            "order": 5,
            "mobile": "images/slide-nhapholienke/5.jpg",
            "tab": "image5"
          }
        ],
        "name": "Nhóm Slider Sản phẩm 4",
        "key": "slider_product_4"
      }
    ],
    "sliderGroupsPrivilege": [
      {
        "name": "Nhóm Slider Cubhouse",
        "images": [
          {
            "des": "Tọa lạc trên rooftop với thiết kế mở và tầm nhìn thoáng đãng, đây là điểm hẹn lý tưởng cho những buổi gặp gỡ nhẹ nhàng hay những bữa tiệc nhỏ thân mật. Dưới ánh hoàng hôn rực rỡ, cư dân có thể nhâm nhi một tách cafe hay ly vang thượng hạng, tận hưởng sự tĩnh lặng và riêng tư sau một ngày dài.",
            "mobile": "images/gallary-clubhouse/default.jpg",
            "tab": "KHU CAFE LOUNGE",
            "alt": "KHU CAFE LOUNGE",
            "order": 1,
            "desktop": "images/gallary-clubhouse/default.jpg"
          },
          {
            "desktop": "images/gallary-clubhouse/gym.jpg",
            "tab": "PHÒNG GYM",
            "mobile": "images/gallary-clubhouse/gym.jpg",
            "alt": "PHÒNG GYM",
            "order": 2,
            "des": "Sở hữu không gian rộng rãi với trang thiết bị hiện đại, từ khu vực tập máy, nâng tạ đến các khoảng không dành riêng cho bài tập cá nhân. Việc tích hợp phòng Gym ngay nội khu giúp cư dân dễ dàng duy trì nhịp sống khỏe khoắn mỗi ngày mà không cần phải di chuyển xa hay phụ thuộc vào các trung tâm bên ngoài."
          },
          {
            "tab": "GOLF GIẢ LẬP",
            "alt": "GOLF GIẢ LẬP",
            "des": "Là tiện ích rất hiếm gặp tại các dự án thấp tầng, mang đến trải nghiệm thể thao thượng lưu cho cộng đồng cư dân. Với công nghệ mô phỏng hiện đại trong không gian kín đáo, đây là nơi lý tưởng để luyện tập kỹ thuật hay giao lưu cùng bạn bè. Sự hiện diện của phòng golf giả lập là minh chứng cho phong cách sống tinh tế và khác biệt tại Essensia Broadway.",
            "order": 3,
            "mobile": "images/gallary-clubhouse/golf.jpg",
            "desktop": "images/gallary-clubhouse/golf.jpg"
          },
          {
            "tab": "SPA THƯ GIÃN",
            "desktop": "images/gallary-clubhouse/spa.jpg",
            "des": "Hệ thống phòng Spa, xông hơi và trị liệu được bố trí liên hoàn, mở ra hành trình chăm sóc thân - tâm - trí trọn vẹn. Tại đây, cư dân có thể thảnh thơi tái tạo năng lượng và tận hưởng các liệu pháp chăm sóc cơ thể chuyên sâu ngay trong chính khuôn viên sống của mình.",
            "mobile": "images/gallary-clubhouse/spa.jpg",
            "alt": "SPA THƯ GIÃN",
            "order": 4
          },
          {
            "tab": "VUI CHƠI TRẺ EM",
            "desktop": "images/gallary-clubhouse/EB_Kids.jpg",
            "order": 5,
            "alt": "VUI CHƠI TRẺ EM",
            "des": "Không gian vui chơi trong nhà được đầu tư kỹ lưỡng, đề cao sự an toàn và tính giáo dục. Với các trò chơi vận động và sáng tạo, nơi đây không chỉ giúp trẻ phát triển thể chất mà còn kích thích trí thông minh, mang đến cho những cư dân nhí một tuổi thơ đầy màu sắc và niềm vui.",
            "mobile": "images/gallary-clubhouse/EB_Kids.jpg"
          },
          {
            "alt": "HỒ BƠI THÁC NƯỚC SỢI QUANG",
            "mobile": "images/gallary-clubhouse/hoboisoiquang.jpg",
            "desktop": "images/gallary-clubhouse/hoboisoiquang.jpg",
            "tab": "HỒ BƠI THÁC NƯỚC SỢI QUANG",
            "order": 6,
            "des": "Khu hồ bơi được tạo tác tỉ mỉ từ thiết kế đến công năng, mang đến một thiên đường thư giãn đúng nghĩa để vỗ về cơ thể và tinh thần sau ngày dài. Điểm nhấn đắt giá là thác nước kết hợp hệ thống sợi quang ánh sáng, biến không gian mặt nước thành một vương quốc ánh sáng lung linh, huyền ảo mỗi khi đêm về."
          },
          {
            "desktop": "images/gallary-clubhouse/cinema.jpg",
            "tab": "PHÒNG CHIẾU PHIM",
            "des": "Rạp chiếu phim riêng tư với số lượng ghế giới hạn, mang lại trải nghiệm điện ảnh khác biệt hoàn toàn so với các rạp thương mại ồn ào. Đây là không gian hoàn hảo cho những buổi xem phim gia đình ấm cúng hoặc những phút giây giải trí thư giãn cùng nhóm bạn thân trong sự riêng tư tuyệt đối.",
            "order": 7,
            "alt": "PHÒNG CHIẾU PHIM",
            "mobile": "images/gallary-clubhouse/cinema.jpg"
          },
          {
            "des": "Một khoảng lặng tách biệt được thiết kế với ánh sáng dịu nhẹ và không gian thông thoáng. Đây là nơi lý tưởng để cư dân tìm lại sự cân bằng nội tâm, giải tỏa áp lực và nuôi dưỡng tinh thần - những giá trị cốt lõi trong nhịp sống đô thị hiện đại.",
            "desktop": "images/gallary-clubhouse/yoga.jpg",
            "tab": "PHÒNG YOGA",
            "alt": "PHÒNG YOGA",
            "mobile": "images/gallary-clubhouse/yoga.jpg",
            "order": 8
          }
        ],
        "key": "clubhouse_slider"
      },
      {
        "images": [
          {
            "order": 1,
            "mobile": "images/gallary-park/cong-vien-thu-cung-mobile.jpg",
            "alt": "CÔNG VIÊN THÚ CƯNG",
            "des": "Không gian riêng dành cho các “thành viên bốn chân” với thảm xanh rộng thoáng, cho phép thú cưng tự do vận động. Khu vực ghế nghỉ dưới tán cây là nơi các chủ nuôi gặp gỡ, giao lưu và chia sẻ những khoảnh khắc gắn kết.",
            "tab": "CÔNG VIÊN THÚ CƯNG",
            "desktop": "images/gallary-park/cong-vien-thu-cung.jpg"
          },
          {
            "alt": "SÂN THỂ THAO ĐA NĂNG",
            "tab": "SÂN THỂ THAO ĐA NĂNG",
            "des": "Được bao bọc bởi cảnh quan xanh mát, sân thể thao là điểm hẹn cho cư dân rèn luyện thể chất, kết nối cộng đồng và tận hưởng nhịp sống năng động giữa thiên nhiên. Với thiết kế hiện đại, mặt sân đạt chuẩn cùng hệ thống rào chắn an toàn, đây là không gian lý tưởng cho những trận bóng rổ, cầu lông hay tennis kịch tính.",
            "order": 2,
            "desktop": "images/gallary-park/san-the-thao-da-nang.jpg",
            "mobile": "images/gallary-park/san-the-thao-da-nang-mobile.jpg"
          },
          {
            "alt": "KHÁN ĐÀI NGOÀI TRỜI",
            "order": 3,
            "des": "Khán đài ngoài trời có thiết kế hình cung hướng hồ, là không gian sinh hoạt cộng đồng giàu cảm xúc. Hệ đèn LED dây tạo hiệu ứng ánh sáng ấn tượng về đêm, mang đến bối cảnh lý tưởng cho các hoạt động văn hóa, thưởng lãm nhạc nước hay những khoảnh khắc nghỉ chân thư thái.",
            "mobile": "images/gallary-park/khan-dai-ngoai-troi-mobile.jpg",
            "tab": "KHÁN ĐÀI NGOÀI TRỜI",
            "desktop": "images/gallary-park/khan-dai-ngoai-troi.jpg"
          },
          {
            "alt": "CHÒI NGHỈ CHÂN",
            "order": 4,
            "mobile": "images/gallary-park/choi-nghi-chan-mobile.jpg",
            "desktop": "images/gallary-park/choi-nghi-chan.jpg",
            "des": "Chòi nghỉ chân được thiết kế như một điểm nhấn bên mặt nước, nơi cư dân thư giãn, gặp gỡ và tận hưởng không gian xanh trong nhịp sống Art-Urban. Với không gian mở và bố cục linh hoạt, khu vực này đồng thời là địa điểm tổ chức các sự kiện cộng đồng quy mô nhỏ, mang đến những khoảnh khắc kết nối sống động giữa cảnh quan và đời sống phố thị.",
            "tab": "CHÒI NGHỈ CHÂN"
          },
          {
            "alt": "ĐƯỜNG DẠO BỘ",
            "tab": "ĐƯỜNG DẠO BỘ",
            "des": "Đường dạo bộ uốn lượn giữa mảng xanh và kiến trúc, nơi cư dân thong thả tản bộ, trò chuyện và tận hưởng không khí trong lành mỗi ngày. Cây xanh, ánh sáng và các điểm nghỉ chân đan xen hài hòa, tạo nên một nhịp sống mềm mại, thư thái đầy sinh khí.",
            "order": 5,
            "mobile": "images/gallary-park/duong-dao-bo-mobile.jpg",
            "desktop": "images/gallary-park/duong-dao-bo.jpg"
          }
        ],
        "name": "Nhóm Slider Park",
        "key": "park_slider"
      }
    ]
  },
  "exportedAt": "2026-01-09T03:56:26.380Z",
  "exportedBy": "admin@gmail.com"
}