{
  "scripts": {
    "header": "\u003Cscript\u003E(function (w, d, s, l, i) {\n      w[l] = w[l] || []; w[l].push({\n        \u0027gtm.start\u0027:\n          new Date().getTime(), event: \u0027gtm.js\u0027\n      }); var f = d.getElementsByTagName(s)[0],\n        j = d.createElement(s), dl = l != \u0027dataLayer\u0027 ? \u0027\u0026l=\u0027 \u002B l : \u0027\u0027; j.async = true; j.src =\n          \u0027https://www.googletagmanager.com/gtm.js?id=\u0027 \u002B i \u002B dl; f.parentNode.insertBefore(j, f);\n    })(window, document, \u0027script\u0027, \u0027dataLayer\u0027, \u0027GTM-N6BWPKQS\u0027);\u003C/script\u003E",
    "body": "\u003Cnoscript\u003E\u003Ciframe src=\u0022https://www.googletagmanager.com/ns.html?id=GTM-N6BWPKQS\u0022 height=\u00220\u0022 width=\u00220\u0022\n      style=\u0022display:none;visibility:hidden\u0022\u003E\u003C/iframe\u003E\u003C/noscript\u003E"
  },
  "floating": {
    "show_360": false,
    "link_360": "https://essensia-broadway.info/",
    "show_hotline": true,
    "show_facebook": true,
    "show_tiktok": true
  },
  "homepage": {
    "description1": "\u00C1nh \u0111\u00E8n r\u1EF1c r\u1EE1, nh\u1ECBp s\u1ED1ng s\u00F4i \u0111\u1ED9ng v\u00E0 tinh th\u1EA7n ngh\u1EC7 thu\u1EADt lan t\u1ECFa trong t\u1EEBng kho\u1EA3nh kh\u1EAFc - Essensia Broadway m\u1EDF ra m\u1ED9t chu\u1EA9n m\u1EF1c s\u1ED1ng m\u1EDBi, n\u01A1i \u0111\u00F4 th\u1ECB \u0111\u01B0\u1EE3c ki\u1EBFn t\u1EA1o nh\u01B0 m\u1ED9t kh\u00F4ng gian tr\u00ECnh di\u1EC5n s\u1ED1ng \u0111\u1ED9ng gi\u1EEFa l\u00F2ng Nam S\u00E0i G\u00F2n.",
    "description2": "V\u1EDBi m\u00F4 h\u00ECnh Art-Urban \u0111\u1ED9c \u0111\u00E1o, Essensia Broadway \u0111\u1ECBnh h\u00ECnh l\u00E0 khu ph\u1ED1 th\u01B0\u01A1ng m\u1EA1i k\u1EBFt h\u1EE3p ngh\u1EC7 thu\u1EADt \u0111\u1EA7u ti\u00EAn t\u1EA1i khu v\u1EF1c, mang \u0111\u1EBFn gi\u00E1 tr\u1ECB s\u1EDF h\u1EEFu khan hi\u1EBFm v\u1EDBi s\u1ED1 l\u01B0\u1EE3ng gi\u1EDBi h\u1EA1n ch\u1EC9 87 c\u0103n.",
    "description3": "\u0110\u01B0\u1EE3c ki\u1EBFn t\u1EA1o b\u1EDFi Nh\u00E0 ph\u00E1t tri\u1EC3n Ph\u00FA Long t\u1EA1o n\u00EAn m\u1ED9t kh\u00F4ng gian s\u1ED1ng th\u1EDDi th\u01B0\u1EE3ng, \u0111\u1EA7y c\u1EA3m h\u1EE9ng v\u00E0 \u0111\u1EADm ch\u1EA5t ri\u00EAng."
  },
  "location": {
    "description1": "T\u1ECDa l\u1EA1c tr\u00EAn m\u1EB7t ti\u1EC1n Nguy\u1EC5n H\u1EEFu Th\u1ECD - \u0111\u1EA1i l\u1ED9 ph\u1ED3n hoa k\u1EBFt n\u1ED1i tr\u1EF1c ti\u1EBFp trung t\u00E2m v\u00E0 Nam S\u00E0i G\u00F2n, Essensia Broadway th\u1EEBa h\u01B0\u1EDFng l\u1EE3i th\u1EBF l\u00E0 \u0111i\u1EC3m giao c\u1EE7a nh\u1EEFng d\u00F2ng l\u01B0u th\u00F4ng s\u00F4i \u0111\u1ED9ng nh\u1EA5t, n\u01A1i c\u01B0 d\u00E2n, th\u01B0\u01A1ng m\u1EA1i v\u00E0 d\u1ECBch v\u1EE5 li\u00EAn t\u1EE5c h\u1ED9i t\u1EE5. L\u1EE3i th\u1EBF \u1EA5y \u0111\u01B0\u1EE3c khu\u1EBFch \u0111\u1EA1i khi d\u1EF1 \u00E1n li\u1EC1n k\u1EC1 tuy\u1EBFn Metro s\u1ED1 4 trong t\u01B0\u01A1ng lai, \u0111\u01B0a Essensia Broadway tr\u1EDF th\u00E0nh \u0111i\u1EC3m ch\u1EA1m c\u1EE7a k\u1EBFt n\u1ED1i hi\u1EC7n \u0111\u1EA1i v\u00E0 \u0111\u1ED9ng l\u1EF1c t\u0103ng tr\u01B0\u1EDFng d\u00E0i h\u1EA1n.",
    "description2": "N\u1EB1m \u1EDF v\u1ECB tr\u00ED trung t\u00E2m c\u1EE7a qu\u1EA7n th\u1EC3 Essensia - Celesta \u0111\u00E3 h\u00ECnh th\u00E0nh, Essensia Broadway th\u1EEBa h\u01B0\u1EDFng s\u1EB5n c\u1ED9ng \u0111\u1ED3ng tinh hoa hi\u1EC7n h\u1EEFu, nhu c\u1EA7u ti\u00EAu d\u00F9ng th\u1EF1c v\u00E0 nh\u1ECBp s\u1ED1ng \u1ED5n \u0111\u1ECBnh. S\u1EDF h\u1EEFu l\u1EE3i th\u1EBF TOD (Transit-Oriented Development), Essensia Broadway l\u00E0 s\u1EF1 giao thoa gi\u1EEFa tr\u1EE5c giao th\u00F4ng, h\u1EA1 t\u1EA7ng t\u01B0\u01A1ng lai v\u00E0 c\u1ED9ng \u0111\u1ED3ng s\u1EB5n c\u00F3, t\u1EEB \u0111\u00F3 \u0111\u1ECBnh h\u00ECnh d\u1EF1 \u00E1n nh\u01B0 m\u1ED9t t\u00E2m \u0111i\u1EC3m k\u1EBFt n\u1ED1i, n\u01A1i gi\u00E1 tr\u1ECB kh\u00F4ng ng\u1EEBng \u0111\u01B0\u1EE3c n\u00E2ng t\u1EA7m theo th\u1EDDi gian."
  },
  "product": {
    "description1": "Bao g\u1ED3m khu Clubhouse v\u00E0 h\u1EC7 th\u1ED1ng ti\u1EC7n \u00EDch h\u01A1n 3.000m2, Essensia Broadway bao tr\u1ECDn m\u1ECDi tr\u1EA3i nghi\u1EC7m t\u1EEB r\u00E8n luy\u1EC7n s\u1EE9c kh\u1ECFe, ngh\u1EC9 ng\u01A1i th\u01B0 gi\u00E3n \u0111\u1EBFn vui ch\u01A1i gi\u1EA3i tr\u00ED v\u00E0 k\u1EBFt n\u1ED1i c\u1ED9ng \u0111\u1ED3ng. Kh\u00F4ng d\u1EEBng l\u1EA1i \u1EDF vi\u1EC7c \u0111\u00E1p \u1EE9ng nhu c\u1EA7u sinh ho\u1EA1t, m\u1ED7i kh\u00F4ng gian t\u1EA1i \u0111\u00E2y \u0111\u01B0\u1EE3c thi\u1EBFt k\u1EBF nh\u01B0 nh\u1EEFng ph\u00E2n c\u1EA3nh li\u00EAn ho\u00E0n, d\u00E0n d\u1EF1ng c\u00F4ng phu \u0111\u1EC3 ho\u00E0n thi\u1EC7n v\u1EDF di\u1EC5n mang t\u00EAn \u0022Phong C\u00E1ch S\u1ED1ng\u0022. S\u1EF1 k\u1EBFt h\u1EE3p gi\u1EEFa d\u1EA5u \u1EA5n ri\u00EAng t\u01B0 v\u00E0 s\u1EF1 tinh t\u1EBF trong t\u1EEBng chi ti\u1EBFt t\u1EA1o n\u00EAn m\u1ED9t \u0111\u1EB7c quy\u1EC1n t\u1EADn h\u01B0\u1EDFng d\u00E0nh ri\u00EAng cho c\u1ED9ng \u0111\u1ED3ng c\u01B0 d\u00E2n Essensia Broadway.",
    "description2": "V\u01B0\u1EE3t tr\u00EAn nh\u1EEFng ti\u1EC7n nghi th\u00F4ng th\u01B0\u1EDDng, h\u1EC7 th\u1ED1ng ti\u1EC7n \u00EDch t\u1EA1i \u0111\u00E2y m\u1EDF ra m\u1ED9t h\u00E0nh tr\u00ECnh tr\u1EA3i nghi\u1EC7m \u0111\u1EA7y c\u1EA3m h\u1EE9ng \u2013 n\u01A1i m\u1ED7i ng\u00E0y tr\u00F4i qua nh\u01B0 m\u1ED9t m\u00E0n tr\u00ECnh di\u1EC5n m\u1EDBi. Trong kh\u00F4ng gian \u0111\u01B0\u1EE3c ch\u0103m ch\u00FAt t\u1EC9 m\u1EC9, m\u1ED7i c\u01B0 d\u00E2n tr\u1EDF th\u00E0nh \u0022ng\u00F4i sao\u0022 c\u1EE7a ch\u00EDnh phong c\u00E1ch s\u1ED1ng m\u00ECnh l\u1EF1a ch\u1ECDn.",
    "popup1description1": "T\u1EA1i Essensia Broadway, m\u1ED7i nh\u00E0 ph\u1ED1 th\u01B0\u01A1ng m\u1EA1i kh\u00F4ng ch\u1EC9 \u0111\u01A1n thu\u1EA7n l\u00E0 kh\u00F4ng gian kinh doanh, m\u00E0 c\u00F2n l\u00E0 m\u1ED9t \u0022s\u00E0n di\u1EC5n\u0022 \u0111\u1EC3 t\u00F4n vinh d\u1EA5u \u1EA5n th\u01B0\u01A1ng hi\u1EC7u ri\u00EAng bi\u1EC7t.",
    "popup1description2": "S\u1EDF h\u1EEFu s\u1ED1 l\u01B0\u1EE3ng gi\u1EDBi h\u1EA1n ch\u1EC9 31 c\u0103n, m\u1ED7i kh\u00F4ng gian t\u1EA1i \u0111\u00E2y \u0111\u01B0\u1EE3c l\u1EA5y c\u1EA3m h\u1EE9ng t\u1EEB phong c\u00E1ch The Great Gatsby - bi\u1EC3u t\u01B0\u1EE3ng c\u1EE7a s\u1EF1 quy\u1EBFn r\u0169 v\u00E0 tinh th\u1EA7n Art Deco kinh \u0111i\u1EC3n. D\u1EF1 \u00E1n mang \u0111\u1EBFn nh\u1EEFng kh\u00F4ng gian tr\u00ECnh di\u1EC5n \u0111\u1EADm ch\u1EA5t ngh\u1EC7 thu\u1EADt v\u1EDBi m\u1EB7t ti\u1EC1n \u0111\u1EA1i l\u1ED9 n\u1ED5i b\u1EADt. Nh\u1EDD kh\u1EA3 n\u0103ng khai th\u00E1c linh ho\u1EA1t cho c\u00E1c l\u0129nh v\u1EF1c F\u0026B, b\u00E1n l\u1EBB v\u00E0 nhi\u1EC1u d\u1ECBch v\u1EE5 hi\u1EC7n \u0111\u1EA1i kh\u00E1c, n\u01A1i \u0111\u00E2y h\u1EE9a h\u1EB9n tr\u1EDF th\u00E0nh t\u00E2m \u0111i\u1EC3m giao th\u01B0\u01A1ng n\u0103ng \u0111\u1ED9ng, n\u01A1i m\u1ED7i th\u01B0\u01A1ng hi\u1EC7u \u0111\u1EC1u c\u00F3 c\u01A1 h\u1ED9i t\u1ECFa s\u00E1ng gi\u1EEFa nh\u1ECBp s\u1ED1ng kh\u00F4ng ng\u1EEBng c\u1EE7a Nam S\u00E0i G\u00F2n.",
    "popup2description1": "Kh\u01A1i ngu\u1ED3n t\u1EEB \u00FD t\u01B0\u1EDFng \u0022The Rewritten House\u0022 - ng\u00F4i nh\u00E0 c\u1EE7a t\u01B0\u01A1ng lai, khu nh\u00E0 ph\u1ED1 li\u1EC1n k\u1EC1 c\u1EE7a Essensia Broadway l\u00E0 n\u01A1i m\u1ED7i ch\u1EE7 nh\u00E2n t\u1EF1 m\u00ECnh vi\u1EBFt n\u00EAn ch\u01B0\u01A1ng m\u1EDBi trong h\u00E0nh tr\u00ECnh t\u1ECFa s\u00E1ng. V\u1EDBi s\u1ED1 l\u01B0\u1EE3ng ch\u1EC9 56 c\u0103n gi\u1EDBi h\u1EA1n, kh\u00F4ng gian s\u1ED1ng \u0111\u01B0\u1EE3c thi\u1EBFt k\u1EBF theo tinh th\u1EA7n hi\u1EC7n \u0111\u1EA1i, tinh t\u1EBF v\u00E0 th\u00F4ng minh, h\u00E0i h\u00F2a gi\u1EEFa ti\u1EC7n nghi v\u00E0 c\u1EA3m x\u00FAc th\u1EA9m m\u1EF9, mang \u0111\u1EBFn m\u1ED9t t\u1ED5 \u1EA5m y\u00EAn b\u00ECnh nh\u01B0ng v\u1EABn k\u1EBFt n\u1ED1i tr\u1ECDn v\u1EB9n v\u1EDBi nh\u1ECBp s\u1ED1ng s\u00F4i \u0111\u1ED9ng xung quanh. Kh\u00F4ng ch\u1EC9 \u0111\u01A1n thu\u1EA7n l\u00E0 n\u01A1i \u0111\u1EC3 tr\u1EDF v\u1EC1, m\u1ED7i ng\u00F4i nh\u00E0 t\u1EA1i \u0111\u00E2y c\u00F2n l\u00E0 m\u1ED9t \u0022kh\u00F4ng gian \u0111\u1ECBnh danh\u0022 d\u00E0nh ri\u00EAng cho nh\u1EEFng ng\u01B0\u1EDDi ti\u00EAn phong - n\u01A1i b\u1EA1n t\u1EF1 tin ki\u1EBFn t\u1EA1o phong c\u00E1ch v\u00E0 \u0111\u1ECBnh h\u00ECnh gi\u00E1 tr\u1ECB t\u01B0\u01A1ng lai c\u1EE7a ch\u00EDnh m\u00ECnh.",
    "popup3description1": "Clubhouse l\u00E0 kh\u00F4ng gian ti\u1EC7n \u00EDch ri\u00EAng t\u01B0 d\u00E0nh cho c\u1ED9ng \u0111\u1ED3ng ch\u1EE7 nh\u00E2n tinh hoa, n\u01A1i h\u1ED9i t\u1EE5 h\u1ED3 b\u01A1i th\u00E1c n\u01B0\u1EDBc s\u1EE3i quang, ph\u00F2ng gym, lounge th\u01B0 gi\u00E3n v\u00E0 c\u00E1c khu sinh ho\u1EA1t cao c\u1EA5p. M\u1ED7i tr\u1EA3i nghi\u1EC7m t\u1EA1i \u0111\u00E2y kh\u00F4ng ch\u1EC9 l\u00E0 s\u1EF1 t\u1EADn h\u01B0\u1EDFng, m\u00E0 c\u00F2n l\u00E0 c\u00E1ch kh\u1EB3ng \u0111\u1ECBnh phong c\u00E1ch s\u1ED1ng kh\u00E1c bi\u1EC7t, x\u1EE9ng t\u1EA7m v\u1ECB th\u1EBF c\u1EE7a nh\u1EEFng c\u01B0 d\u00E2n Broadway.",
    "popup3description2": "L\u1EA5y c\u1EA3m h\u1EE9ng t\u1EEB concept \u0022The Agrabah Oasis Club\u0022, Clubhouse l\u00E0 \u0111i\u1EC3m nh\u1EA5n r\u1EF1c r\u1EE1 nh\u1EA5t t\u1EA1i Essensia Broadway, mang \u0111\u1EBFn tr\u1EA3i nghi\u1EC7m t\u1EF1a nh\u01B0 b\u01B0\u1EDBc v\u00E0o m\u1ED9t \u0022\u1ED1c \u0111\u1EA3o ph\u00E9p m\u00E0u\u0022 gi\u1EEFa l\u00F2ng ph\u1ED1 th\u1ECB. Ki\u1EBFn tr\u00FAc n\u01A1i \u0111\u00E2y \u0111\u01B0\u1EE3c t\u1EA1o h\u00ECnh nh\u01B0 m\u1ED9t cung \u0111i\u1EC7n hi\u1EC7n \u0111\u1EA1i v\u1EDBi nh\u1EEFng \u0111\u01B0\u1EDDng cong m\u1EC1m m\u1EA1i, m\u00E1i v\u00F2m thanh tho\u00E1t c\u00F9ng h\u1ECDa ti\u1EBFt Trung \u0110\u00F4ng c\u00E1ch \u0111i\u1EC7u tinh x\u1EA3o, mang \u0111\u1EBFn m\u1ED9t th\u1EBF gi\u1EDBi sang tr\u1ECDng v\u00E0 nhi\u1EC7m m\u00E0u. T\u1EA1i \u0111\u00E2y, nh\u1ECBp s\u1ED1ng Broadway ch\u1EA1m \u0111\u1EBFn ranh gi\u1EDBi c\u1EE7a m\u01A1 v\u00E0 th\u1EF1c, m\u1EDF ra h\u00E0nh tr\u00ECnh tr\u1EA3i nghi\u1EC7m \u0111\u1EA7y c\u1EA3m h\u1EE9ng cho m\u1ED7i ch\u1EE7 nh\u00E2n.",
    "popup3tang1tab": "T\u1EA6NG 1",
    "popup3tang1title": "Kh\u00F4ng gian ch\u00E0o \u0111\u00F3n \u0026amp; \u003Cbr\u003Etr\u01B0ng b\u00E0y ngh\u1EC7 thu\u1EADt",
    "popup3tang1desc": "L\u00E0 n\u01A1i b\u1EAFt \u0111\u1EA7u c\u1EE7a nh\u1EEFng tr\u1EA3i nghi\u1EC7m tinh t\u1EBF v\u00E0 kh\u1EDFi \u0111\u1EA7u cho m\u1ECDi ho\u1EA1t \u0111\u1ED9ng k\u1EBFt n\u1ED1i c\u1ED9ng \u0111\u1ED3ng. T\u1EA1i \u0111\u00E2y, c\u01B0 d\u00E2n c\u00F3 th\u1EC3 th\u01B0 gi\u00E3n t\u1EA1i khu v\u1EF1c qu\u1EA7y bar, minibar, ho\u1EB7c d\u1EA1o b\u01B0\u1EDBc qua khu tr\u01B0ng b\u00E0y ngh\u1EC7 thu\u1EADt trong m\u1ED9t kh\u00F4ng gian sinh ho\u1EA1t nh\u1EB9 nh\u00E0ng, \u1EA5m c\u00FAng.",
    "popup3tang1detail": "\u003Cdiv class=\u0022legend-item\u0022\u003E\n  \u003Cdiv class=\u0022legend-number\u0022\u003E1.\u003C/div\u003E\n  \u003Cspan class=\u0022legend-label\u0022\u003EQu\u1EA7y bar\u003C/span\u003E\n\u003C/div\u003E\n\u003Cdiv class=\u0022legend-item\u0022\u003E\n  \u003Cdiv class=\u0022legend-number\u0022\u003E2.\u003C/div\u003E\n  \u003Cspan class=\u0022legend-label\u0022\u003EKhu thay \u0111\u1ED3 nam\u003C/span\u003E\n\u003C/div\u003E\n\u003Cdiv class=\u0022legend-item\u0022\u003E\n  \u003Cdiv class=\u0022legend-number\u0022\u003E2. 1\u003C/div\u003E\n  \u003Cspan class=\u0022legend-label\u0022\u003EKhu t\u1EE7 locker\u003C/span\u003E\n\u003C/div\u003E\n\u003Cdiv class=\u0022legend-item\u0022\u003E\n  \u003Cdiv class=\u0022legend-number\u0022\u003E3\u003C/div\u003E\n  \u003Cspan class=\u0022legend-label\u0022\u003EKhu thay \u0111\u1ED3 n\u1EEF\u003C/span\u003E\n\u003C/div\u003E\n\u003Cdiv class=\u0022legend-item\u0022\u003E\n  \u003Cdiv class=\u0022legend-number\u0022\u003E3. 1\u003C/div\u003E\n  \u003Cspan class=\u0022legend-label\u0022\u003EKhu t\u1EE7 locker\u003C/span\u003E\n\u003C/div\u003E\n\u003Cdiv class=\u0022legend-item\u0022\u003E\n  \u003Cdiv class=\u0022legend-number\u0022\u003E3. 2\u003C/div\u003E\n  \u003Cspan class=\u0022legend-label\u0022\u003EPh\u00F2ng W.C khuy\u1EBFt t\u1EADt\u003C/span\u003E\n\u003C/div\u003E\n\u003Cdiv class=\u0022legend-item\u0022\u003E\n  \u003Cdiv class=\u0022legend-number\u0022\u003E4\u003C/div\u003E\n  \u003Cspan class=\u0022legend-label\u0022\u003EThang m\u00E1y\u003C/span\u003E\n\u003C/div\u003E\n\u003Cdiv class=\u0022legend-item\u0022\u003E\n  \u003Cdiv class=\u0022legend-number\u0022\u003E5\u003C/div\u003E\n  \u003Cspan class=\u0022legend-label\u0022\u003EC\u1EA7u thang\u003C/span\u003E\n\u003C/div\u003E\n\u003Cdiv class=\u0022legend-item\u0022\u003E\n  \u003Cdiv class=\u0022legend-number\u0022\u003E6\u003C/div\u003E\n  \u003Cspan class=\u0022legend-label\u0022\u003EPh\u00F2ng kho\u003C/span\u003E\n\u003C/div\u003E\n\u003Cdiv class=\u0022legend-item\u0022\u003E\n  \u003Cdiv class=\u0022legend-number\u0022\u003E7\u003C/div\u003E\n  \u003Cspan class=\u0022legend-label\u0022\u003EPh\u00F2ng tri\u1EC3n l\u00E3m/SHC\u0110\u003C/span\u003E\n\u003C/div\u003E\n\u003Cdiv class=\u0022legend-item\u0022\u003E\n  \u003Cdiv class=\u0022legend-number\u0022\u003E7. 1\u003C/div\u003E\n  \u003Cspan class=\u0022legend-label\u0022\u003ET\u1EE7 minibar\u003C/span\u003E\n\u003C/div\u003E\n\u003Cdiv class=\u0022legend-item\u0022\u003E\n  \u003Cdiv class=\u0022legend-number\u0022\u003E7. 2\u003C/div\u003E\n  \u003Cspan class=\u0022legend-label\u0022\u003EPh\u00F2ng tr\u01B0ng b\u00E0y Artwork \u003C/span\u003E\n\u003C/div\u003E\n\u003Cdiv class=\u0022legend-item\u0022\u003E\n  \u003Cdiv class=\u0022legend-number\u0022\u003E7. 3\u003C/div\u003E\n  \u003Cspan class=\u0022legend-label\u0022\u003EArtwork treo t\u01B0\u1EDDng\u003C/span\u003E\n\u003C/div\u003E\n\u003Cdiv class=\u0022legend-item\u0022\u003E\n  \u003Cdiv class=\u0022legend-number\u0022\u003E7. 4\u003C/div\u003E\n  \u003Cspan class=\u0022legend-label\u0022\u003EArtwork\u003C/span\u003E\n\u003C/div\u003E",
    "popup3tang2tab": "T\u1EA6NG 2",
    "popup3tang2title": "T\u00E1i t\u1EA1o n\u0103ng l\u01B0\u1EE3ng \u0026amp; \u003Cbr\u003E Phong c\u00E1ch s\u1ED1ng",
    "popup3tang2desc": "N\u1EBFu t\u1EA7ng tr\u1EC7t l\u00E0 n\u01A1i k\u1EBFt n\u1ED1i, th\u00EC t\u1EA7ng 2 l\u00E0 trung t\u00E2m ch\u0103m s\u00F3c s\u1EE9c kh\u1ECFe to\u00E0n di\u1EC7n. C\u01B0 d\u00E2n c\u00F3 th\u1EC3 t\u00ECm th\u1EA5y s\u1EF1 c\u00E2n b\u1EB1ng cho c\u1EA3 th\u1EC3 ch\u1EA5t l\u1EABn tinh th\u1EA7n t\u1EA1i h\u1EC7 th\u1ED1ng ph\u00F2ng gym hi\u1EC7n \u0111\u1EA1i, ph\u00F2ng Yoga t\u0129nh t\u1EA1i,... gi\u00FAp ph\u1EE5c h\u1ED3i n\u0103ng l\u01B0\u1EE3ng sau m\u1ED7i ng\u00E0y d\u00E0i.",
    "popup3tang2detail": "\u003Cdiv class=\u0022legend-item\u0022\u003E\n  \u003Cdiv class=\u0022legend-number\u0022\u003E8.\u003C/div\u003E\n  \u003Cspan class=\u0022legend-label\u0022\u003EPh\u00F2ng Gym\u003C/span\u003E\n\u003C/div\u003E\n\u003Cdiv class=\u0022legend-item\u0022\u003E\n  \u003Cdiv class=\u0022legend-number\u0022\u003E8. 1\u003C/div\u003E\n  \u003Cspan class=\u0022legend-label\u0022\u003EKhu m\u00E1y t\u1EADp\u003C/span\u003E\n\u003C/div\u003E\n\u003Cdiv class=\u0022legend-item\u0022\u003E\n  \u003Cdiv class=\u0022legend-number\u0022\u003E8. 2\u003C/div\u003E\n  \u003Cspan class=\u0022legend-label\u0022\u003EKhu n\u00E2ng t\u1EA1\u003C/span\u003E\n\u003C/div\u003E\n\u003Cdiv class=\u0022legend-item\u0022\u003E\n  \u003Cdiv class=\u0022legend-number\u0022\u003E8. 3\u003C/div\u003E\n  \u003Cspan class=\u0022legend-label\u0022\u003ET\u1EE7 n\u01B0\u1EDBc v\u00E0 locker\u003C/span\u003E\n\u003C/div\u003E\n\u003Cdiv class=\u0022legend-item\u0022\u003E\n  \u003Cdiv class=\u0022legend-number\u0022\u003E9.\u003C/div\u003E\n  \u003Cspan class=\u0022legend-label\u0022\u003EPh\u00F2ng yoga\u003C/span\u003E\n\u003C/div\u003E\n\u003Cdiv class=\u0022legend-item\u0022\u003E\n  \u003Cdiv class=\u0022legend-number\u0022\u003E9. 1\u003C/div\u003E\n  \u003Cspan class=\u0022legend-label\u0022\u003ET\u1EE7 d\u1EE5ng c\u1EE5 yoga\u003C/span\u003E\n\u003C/div\u003E\n\u003Cdiv class=\u0022legend-item\u0022\u003E\n  \u003Cdiv class=\u0022legend-number\u0022\u003E10. 1\u003C/div\u003E\n  \u003Cspan class=\u0022legend-label\u0022\u003EKhu th\u01B0 vi\u1EC7n k\u1EBFt h\u1EE3p l\u00E0m vi\u1EC7c chung\u003C/span\u003E\n\u003C/div\u003E\n\u003Cdiv class=\u0022legend-item\u0022\u003E\n  \u003Cdiv class=\u0022legend-number\u0022\u003E10. 2\u003C/div\u003E\n  \u003Cspan class=\u0022legend-label\u0022\u003EKhu m\u00E1y in\u003C/span\u003E\n\u003C/div\u003E\n\u003Cdiv class=\u0022legend-item\u0022\u003E\n  \u003Cdiv class=\u0022legend-number\u0022\u003E10. 3\u003C/div\u003E\n  \u003Cspan class=\u0022legend-label\u0022\u003EKhu b\u00E0n l\u00E0m vi\u1EC7c\u003C/span\u003E\n\u003C/div\u003E\n\u003Cdiv class=\u0022legend-item\u0022\u003E\n  \u003Cdiv class=\u0022legend-number\u0022\u003E11.\u003C/div\u003E\n  \u003Cspan class=\u0022legend-label\u0022\u003EKhu ng\u1ED3i \u0111\u1ECDc s\u00E1ch\u003C/span\u003E\n\u003C/div\u003E\n\u003Cdiv class=\u0022legend-item\u0022\u003E\n  \u003Cdiv class=\u0022legend-number\u0022\u003E11. 1\u003C/div\u003E\n  \u003Cspan class=\u0022legend-label\u0022\u003EKhu th\u01B0 gi\u00E3n k\u1EBFt h\u1EE3p golf gi\u1EA3 l\u1EADp \u003C/span\u003E\n\u003C/div\u003E\n\u003Cdiv class=\u0022legend-item\u0022\u003E\n  \u003Cdiv class=\u0022legend-number\u0022\u003E11. 2\u003C/div\u003E\n  \u003Cspan class=\u0022legend-label\u0022\u003ET\u1EE7 mini bar\u003C/span\u003E\n\u003C/div\u003E\n\u003Cdiv class=\u0022legend-item\u0022\u003E\n  \u003Cdiv class=\u0022legend-number\u0022\u003E11. 3\u003C/div\u003E\n  \u003Cspan class=\u0022legend-label\u0022\u003EPh\u00F2ng v\u1EC7 sinh n\u1EEF\u003C/span\u003E\n\u003C/div\u003E\n\u003Cdiv class=\u0022legend-item\u0022\u003E\n  \u003Cdiv class=\u0022legend-number\u0022\u003E11. 4\u003C/div\u003E\n  \u003Cspan class=\u0022legend-label\u0022\u003EPh\u00F2ng v\u1EC7 sinh nam\u003C/span\u003E\n\u003C/div\u003E",
    "popup3tang3tab": "T\u1EA6NG 3",
    "popup3tang3title": "Kh\u00F4ng gian th\u01B0 gi\u00E3n \u0026 \u003Cbr\u003E K\u1EBFt n\u1ED1i gia \u0111\u00ECnh",
    "popup3tang3desc": "T\u1EA7ng 3 c\u1EE7a Clubhouse t\u1EADp trung v\u00E0o c\u00E1c ti\u1EC7n \u00EDch ch\u0103m s\u00F3c c\u00E1 nh\u00E2n v\u00E0 gi\u1EA3i tr\u00ED ri\u00EAng t\u01B0, n\u01A1i c\u01B0 d\u00E2n c\u00F3 th\u1EC3 t\u1EADp trung v\u00E0o vi\u1EC7c t\u00E1i t\u1EA1o n\u0103ng l\u01B0\u1EE3ng, g\u1EAFn k\u1EBFt s\u00E2u h\u01A1n v\u1EDBi gia \u0111\u00ECnh. Nh\u1EEFng \u0111i\u1EC3m nh\u1EA5n n\u1ED5i b\u1EADt bao g\u1ED3m khu Spa \u0026 Tr\u1ECB li\u1EC7u chuy\u00EAn s\u00E2u, R\u1EA1p chi\u1EBFu phim ri\u00EAng, Khu vui ch\u01A1i tr\u1EBB em an to\u00E0n.",
    "popup3tang3detail": "\u003Cdiv class=\u0022legend-item\u0022\u003E\n  \u003Cdiv class=\u0022legend-number\u0022\u003E14.\u003C/div\u003E\n  \u003Cspan class=\u0022legend-label\u0022\u003EKhu spa\u003C/span\u003E\n\u003C/div\u003E\n\u003Cdiv class=\u0022legend-item\u0022\u003E\n  \u003Cdiv class=\u0022legend-number\u0022\u003E14. 1\u003C/div\u003E\n  \u003Cspan class=\u0022legend-label\u0022\u003EKhu l\u1EC5 t\u00E2n\u003C/span\u003E\n\u003C/div\u003E\n\u003Cdiv class=\u0022legend-item\u0022\u003E\n  \u003Cdiv class=\u0022legend-number\u0022\u003E14. 2\u003C/div\u003E\n  \u003Cspan class=\u0022legend-label\u0022\u003EPh\u00F2ng sauna h\u1ED3i ngo\u1EA1i k\u1EBFt h\u1EE3p \u0111\u00E1 mu\u1ED1i\u003C/span\u003E\n\u003C/div\u003E\n\u003Cdiv class=\u0022legend-item\u0022\u003E\n  \u003Cdiv class=\u0022legend-number\u0022\u003E14. 3\u003C/div\u003E\n  \u003Cspan class=\u0022legend-label\u0022\u003EPh\u00F2ng t\u1EAFm/W.C\u003C/span\u003E\n\u003C/div\u003E\n\u003Cdiv class=\u0022legend-item\u0022\u003E\n  \u003Cdiv class=\u0022legend-number\u0022\u003E14. 4\u003C/div\u003E\n  \u003Cspan class=\u0022legend-label\u0022\u003EPh\u00F2ng tr\u1ECB li\u1EC7u\u003C/span\u003E\n\u003C/div\u003E\n\u003Cdiv class=\u0022legend-item\u0022\u003E\n  \u003Cdiv class=\u0022legend-number\u0022\u003E14. 5\u003C/div\u003E\n  \u003Cspan class=\u0022legend-label\u0022\u003EKhu t\u1EAFm \u0111\u00E1 l\u1EA1nh tr\u1ECB li\u1EC7u b\u00E1n ngo\u00E0i tr\u1EDDi \u003C/span\u003E\n\u003C/div\u003E\n\u003Cdiv class=\u0022legend-item\u0022\u003E\n  \u003Cdiv class=\u0022legend-number\u0022\u003E15.\u003C/div\u003E\n  \u003Cspan class=\u0022legend-label\u0022\u003EKhu vui ch\u01A1i tr\u1EBB em trong nh\u00E0 \u003C/span\u003E\n\u003C/div\u003E\n\u003Cdiv class=\u0022legend-item\u0022\u003E\n  \u003Cdiv class=\u0022legend-number\u0022\u003E16.\u003C/div\u003E\n  \u003Cspan class=\u0022legend-label\u0022\u003EPh\u00F2ng chi\u1EBFu phim\u003C/span\u003E\n\u003C/div\u003E\n\u003Cdiv class=\u0022legend-item\u0022\u003E\n  \u003Cdiv class=\u0022legend-number\u0022\u003E17.\u003C/div\u003E\n  \u003Cspan class=\u0022legend-label\u0022\u003EKhu gi\u1EA3i tr\u00ED ngo\u00E0i tr\u1EDDi\u003C/span\u003E\n\u003C/div\u003E\n\u003Cdiv class=\u0022legend-item\u0022\u003E\n  \u003Cdiv class=\u0022legend-number\u0022\u003E18.\u003C/div\u003E\n  \u003Cspan class=\u0022legend-label\u0022\u003EPh\u00F2ng v\u1EC7 sinh n\u1EEF\u003C/span\u003E\n\u003C/div\u003E\n\u003Cdiv class=\u0022legend-item\u0022\u003E\n  \u003Cdiv class=\u0022legend-number\u0022\u003E19.\u003C/div\u003E\n  \u003Cspan class=\u0022legend-label\u0022\u003EPh\u00F2ng v\u1EC7 sinh nam\u003C/span\u003E\n\u003C/div\u003E",
    "popup3tang4tab": "ROOFTOP",
    "popup3tang4title": "Th\u01B0\u1EDFng ngo\u1EA1n \u0026 \u003Cbr\u003E Giao l\u01B0u tinh t\u1EBF",
    "popup3tang4desc": "Rooftop l\u00E0 \u0111i\u1EC3m h\u1EB9n tr\u00EAn cao d\u00E0nh cho nh\u1EEFng kho\u1EA3nh kh\u1EAFc \u0111\u00E1ng nh\u1EDB. V\u1EDBi khu Cafe Lounge \u0026 Pub ngo\u00E0i tr\u1EDDi c\u00F9ng kh\u00F4ng gian t\u1ED5 ch\u1EE9c ti\u1EC7c v\u00E0 c\u00E1c s\u1EF1 ki\u1EC7n ngh\u1EC7 thu\u1EADt, \u0111\u00E2y l\u00E0 n\u01A1i l\u00FD t\u01B0\u1EDFng \u0111\u1EC3 c\u1ED9ng \u0111\u1ED3ng c\u01B0 d\u00E2n g\u1EB7p g\u1EE1, k\u1EBFt n\u1ED1i v\u00E0 c\u00F9ng nhau t\u1EADn h\u01B0\u1EDFng v\u1EBB \u0111\u1EB9p c\u1EE7a ph\u1ED1 th\u1ECB t\u1EEB tr\u00EAn cao.",
    "popup3tang4detail": "\u003Cdiv class=\u0022legend-item\u0022\u003E\n  \u003Cdiv class=\u0022legend-number\u0022\u003E20.\u003C/div\u003E\n  \u003Cspan class=\u0022legend-label\u0022\u003EKhu cafe lounge th\u01B0 gi\u00E3n t\u1EA7ng th\u01B0\u1EE3ng\u003C/span\u003E\n\u003C/div\u003E\n\u003Cdiv class=\u0022legend-item\u0022\u003E\n  \u003Cdiv class=\u0022legend-number\u0022\u003E20. 1\u003C/div\u003E\n  \u003Cspan class=\u0022legend-label\u0022\u003EQu\u1EA7y pha ch\u1EBF\u003C/span\u003E\n\u003C/div\u003E\n\u003Cdiv class=\u0022legend-item\u0022\u003E\n  \u003Cdiv class=\u0022legend-number\u0022\u003E21.\u003C/div\u003E\n  \u003Cspan class=\u0022legend-label\u0022\u003EKhu cafe pub t\u1EA7ng th\u01B0\u1EE3ng\u003C/span\u003E\n\u003C/div\u003E\n\u003Cdiv class=\u0022legend-item\u0022\u003E\n  \u003Cdiv class=\u0022legend-number\u0022\u003E21. 1\u003C/div\u003E\n  \u003Cspan class=\u0022legend-label\u0022\u003EQu\u1EA7y pha ch\u1EBF\u003C/span\u003E\n\u003C/div\u003E\n\u003Cdiv class=\u0022legend-item\u0022\u003E\n  \u003Cdiv class=\u0022legend-number\u0022\u003E21. 2\u003C/div\u003E\n  \u003Cspan class=\u0022legend-label\u0022\u003ETi\u1EC3u c\u1EA3nh ngh\u1EC7 thu\u1EADt\u003C/span\u003E\n\u003C/div\u003E\n\u003Cdiv class=\u0022legend-item\u0022\u003E\n  \u003Cdiv class=\u0022legend-number\u0022\u003E22.\u003C/div\u003E\n  \u003Cspan class=\u0022legend-label\u0022\u003EPh\u00F2ng v\u1EC7 sinh\u003C/span\u003E\n\u003C/div\u003E",
    "popup4desc": "C\u00F4ng vi\u00EAn \u0111\u01B0\u1EE3c thi\u1EBFt k\u1EBF theo phong c\u00E1ch Art Deco hi\u1EC7n \u0111\u1EA1i, n\u01A1i m\u1ED7i chi ti\u1EBFt \u0111\u1EC1u \u0111\u01B0\u1EE3c trau chu\u1ED1t v\u00E0 c\u00E1c \u0111i\u1EC3m nh\u1EA5n ki\u1EBFn tr\u00FAc \u0111\u1EC1u m\u00F4 ph\u1ECFng m\u1ED9t \u0022B\u1EA3n nh\u1EA1c s\u1ED1ng \u0111\u1ED9ng\u0022. L\u1EA5y c\u1EA3m h\u1EE9ng t\u1EEB \u0022Avenue of Light - S\u00E2n kh\u1EA5u c\u1EE7a \u00C1nh s\u00E1ng v\u00E0 Ngh\u1EC7 thu\u1EADt\u0022, kh\u00F4ng gian m\u1EDF ra chu\u1ED7i tr\u1EA3i nghi\u1EC7m \u0111a t\u1EA7ng: qu\u1EA3ng tr\u01B0\u1EDDng \u0111\u00F3n ti\u1EBFp, khu th\u1EC3 thao v\u00E0 r\u00E8n luy\u1EC7n s\u1EE9c kh\u1ECFe, v\u01B0\u1EDDn tr\u1ECB li\u1EC7u \u0111a gi\u00E1c quan, khu gia \u0111\u00ECnh v\u00E0 tr\u1EBB em,... v\u00E0 h\u01A1n th\u1EBF n\u1EEFa. T\u1EA5t c\u1EA3 h\u00F2a quy\u1EC7n t\u1EA1o n\u00EAn nh\u1ECBp s\u1ED1ng n\u0103ng \u0111\u1ED9ng, gi\u00E0u c\u1EA3m x\u00FAc gi\u1EEFa l\u00F2ng \u0111\u00F4 th\u1ECB. 1",
    "popup4detail": "\u003Cdiv class=\u0022park-legend-item\u0022\u003E\n  \u003Cdiv class=\u0022park-legend-number\u0022\u003E1\u003C/div\u003E\n  \u003Cspan class=\u0022park-legend-label\u0022\u003EB\u1EA3ng t\u00EAn d\u1EF1 \u00E1n 1\u003C/span\u003E\n\u003C/div\u003E\n\u003Cdiv class=\u0022park-legend-item\u0022\u003E\n  \u003Cdiv class=\u0022park-legend-number\u0022\u003E2\u003C/div\u003E\n  \u003Cspan class=\u0022park-legend-label\u0022\u003EKhu \u0111\u00F3n ti\u1EBFp \u0026 s\u00E2n ch\u01A1i n\u01B0\u1EDBc\u003C/span\u003E\n\u003C/div\u003E\n\u003Cdiv class=\u0022park-legend-item\u0022\u003E\n  \u003Cdiv class=\u0022park-legend-number\u0022\u003E3\u003C/div\u003E\n  \u003Cspan class=\u0022park-legend-label\u0022\u003ECh\u1ED7 ng\u1ED3i th\u01B0 gi\u00E3n\u003C/span\u003E\n\u003C/div\u003E\n\u003Cdiv class=\u0022park-legend-item\u0022\u003E\n  \u003Cdiv class=\u0022park-legend-number\u0022\u003E4\u003C/div\u003E\n  \u003Cspan class=\u0022park-legend-label\u0022\u003EV\u01B0\u1EDDn hoa\u003C/span\u003E\n\u003C/div\u003E\n\u003Cdiv class=\u0022park-legend-item\u0022\u003E\n  \u003Cdiv class=\u0022park-legend-number\u0022\u003E5\u003C/div\u003E\n  \u003Cspan class=\u0022park-legend-label\u0022\u003ETr\u1EA1m x\u1EED l\u00FD n\u01B0\u1EDBc th\u1EA3i\u003C/span\u003E\n\u003C/div\u003E\n\u003Cdiv class=\u0022park-legend-item\u0022\u003E\n  \u003Cdiv class=\u0022park-legend-number\u0022\u003E6\u003C/div\u003E\n  \u003Cspan class=\u0022park-legend-label\u0022\u003ENh\u00E0 v\u1EC7 sinh c\u00F4ng c\u1ED9ng\u003C/span\u003E\n\u003C/div\u003E\n\u003Cdiv class=\u0022park-legend-item\u0022\u003E\n  \u003Cdiv class=\u0022park-legend-number\u0022\u003E7\u003C/div\u003E\n  \u003Cspan class=\u0022park-legend-label\u0022\u003ES\u00E2n th\u1EC3 thao \u0111a n\u0103ng\u003C/span\u003E\n\u003C/div\u003E\n\u003Cdiv class=\u0022park-legend-item\u0022\u003E\n  \u003Cdiv class=\u0022park-legend-number\u0022\u003E8\u003C/div\u003E\n  \u003Cspan class=\u0022park-legend-label\u0022\u003E\u0110\u01B0\u1EDDng ch\u1EA1y kh\u1EDFi \u0111\u1ED9ng\u003C/span\u003E\n\u003C/div\u003E\n\u003Cdiv class=\u0022park-legend-item\u0022\u003E\n  \u003Cdiv class=\u0022park-legend-number\u0022\u003E9\u003C/div\u003E\n  \u003Cspan class=\u0022park-legend-label\u0022\u003ET\u01B0\u1EE3ng \u0111i\u00EAu kh\u1EAFc \u0111i\u1EC3m nh\u1EA5n\u003C/span\u003E\n\u003C/div\u003E\n\u003Cdiv class=\u0022park-legend-item\u0022\u003E\n  \u003Cdiv class=\u0022park-legend-number\u0022\u003E10\u003C/div\u003E\n  \u003Cspan class=\u0022park-legend-label\u0022\u003EKhu v\u1EF1c k\u1EF9 thu\u1EADt\u003C/span\u003E\n\u003C/div\u003E\n\u003Cdiv class=\u0022park-legend-item\u0022\u003E\n  \u003Cdiv class=\u0022park-legend-number\u0022\u003E11\u003C/div\u003E\n  \u003Cspan class=\u0022park-legend-label\u0022\u003ES\u00E2n t\u1EADp th\u1EC3 d\u1EE5c\u003C/span\u003E\n\u003C/div\u003E\n\u003Cdiv class=\u0022park-legend-item\u0022\u003E\n  \u003Cdiv class=\u0022park-legend-number\u0022\u003E12\u003C/div\u003E\n  \u003Cspan class=\u0022park-legend-label\u0022\u003EQu\u1EA3ng tr\u01B0\u1EDDng \u0111a n\u0103ng\u003C/span\u003E\n\u003C/div\u003E\n\u003Cdiv class=\u0022park-legend-item\u0022\u003E\n  \u003Cdiv class=\u0022park-legend-number\u0022\u003E13\u003C/div\u003E\n  \u003Cspan class=\u0022park-legend-label\u0022\u003EC\u1EA7u \u0111i b\u1ED9 \u0111i\u1EC3m nh\u1EA5n\u003C/span\u003E\n\u003C/div\u003E\n\u003Cdiv class=\u0022park-legend-item\u0022\u003E\n  \u003Cdiv class=\u0022park-legend-number\u0022\u003E14\u003C/div\u003E\n  \u003Cspan class=\u0022park-legend-label\u0022\u003EKh\u00E1n \u0111\u00E0i ngo\u00E0i tr\u1EDDi\u003C/span\u003E\n\u003C/div\u003E\n\u003Cdiv class=\u0022park-legend-item\u0022\u003E\n  \u003Cdiv class=\u0022park-legend-number\u0022\u003E15\u003C/div\u003E\n  \u003Cspan class=\u0022park-legend-label\u0022\u003ECh\u00F2i ngh\u1EC9/s\u00E2n kh\u1EA5u nh\u1ECF\u003C/span\u003E\n\u003C/div\u003E\n\u003Cdiv class=\u0022park-legend-item\u0022\u003E\n  \u003Cdiv class=\u0022park-legend-number\u0022\u003E16\u003C/div\u003E\n  \u003Cspan class=\u0022park-legend-label\u0022\u003EKh\u00F4ng gian nh\u1EA1c n\u01B0\u1EDBc\u003C/span\u003E\n\u003C/div\u003E\n\u003Cdiv class=\u0022park-legend-item\u0022\u003E\n  \u003Cdiv class=\u0022park-legend-number\u0022\u003E17\u003C/div\u003E\n  \u003Cspan class=\u0022park-legend-label\u0022\u003EL\u1ED1i ti\u1EBFp c\u1EADn t\u1EEB n\u1ED9i khu\u003C/span\u003E\n\u003C/div\u003E\n\u003Cdiv class=\u0022park-legend-item\u0022\u003E\n  \u003Cdiv class=\u0022park-legend-number\u0022\u003E18\u003C/div\u003E\n  \u003Cspan class=\u0022park-legend-label\u0022\u003EC\u00F4ng vi\u00EAn th\u00FA c\u01B0ng\u003C/span\u003E\n\u003C/div\u003E\n\u003Cdiv class=\u0022park-legend-item\u0022\u003E\n  \u003Cdiv class=\u0022park-legend-number\u0022\u003E19\u003C/div\u003E\n  \u003Cspan class=\u0022park-legend-label\u0022\u003EV\u01B0\u1EDDn th\u1EA3o m\u1ED9c\u003C/span\u003E\n\u003C/div\u003E\n\u003Cdiv class=\u0022park-legend-item\u0022\u003E\n  \u003Cdiv class=\u0022park-legend-number\u0022\u003E20\u003C/div\u003E\n  \u003Cspan class=\u0022park-legend-label\u0022\u003E\u0110\u01B0\u1EDDng reflexology\u003C/span\u003E\n\u003C/div\u003E\n\u003Cdiv class=\u0022park-legend-item\u0022\u003E\n  \u003Cdiv class=\u0022park-legend-number\u0022\u003E21\u003C/div\u003E\n  \u003Cspan class=\u0022park-legend-label\u0022\u003EKhu v\u1EF1c BBQ\u003C/span\u003E\n\u003C/div\u003E\n\u003Cdiv class=\u0022park-legend-item\u0022\u003E\n  \u003Cdiv class=\u0022park-legend-number\u0022\u003E22\u003C/div\u003E\n  \u003Cspan class=\u0022park-legend-label\u0022\u003EB\u00E3i c\u1ECF \u0111a n\u0103ng\u003C/span\u003E\n\u003C/div\u003E\n\u003Cdiv class=\u0022park-legend-item\u0022\u003E\n  \u003Cdiv class=\u0022park-legend-number\u0022\u003E23\u003C/div\u003E\n  \u003Cspan class=\u0022park-legend-label\u0022\u003ES\u00E0n g\u1ED7 ng\u1EAFm c\u1EA3nh\u003C/span\u003E\n\u003C/div\u003E\n\u003Cdiv class=\u0022park-legend-item\u0022\u003E\n  \u003Cdiv class=\u0022park-legend-number\u0022\u003E24\u003C/div\u003E\n  \u003Cspan class=\u0022park-legend-label\u0022\u003ES\u00E2n ch\u01A1i tr\u1EBB em\u003C/span\u003E\n\u003C/div\u003E"
  },
  "floorplan": {
    "description1": "T\u1ED5ng th\u1EC3 d\u1EF1 \u00E1n \u0111\u01B0\u1EE3c thi\u1EBFt k\u1EBF nh\u01B0 m\u1ED9t v\u0169 tr\u1EE5 ngh\u1EC7 thu\u1EADt \u0111a s\u1EAFc, n\u01A1i tr\u1EE5c Nh\u00E0 ph\u1ED1 th\u01B0\u01A1ng m\u1EA1i l\u00E0 t\u00E2m \u0111i\u1EC3m s\u00F4i \u0111\u1ED9ng, Clubhouse l\u00E0 tr\u00E1i tim ti\u1EC7n \u00EDch v\u00E0 Nh\u00E0 ph\u1ED1 li\u1EC1n k\u1EC1 l\u00E0 kh\u00F4ng gian an c\u01B0 y\u00EAn t\u0129nh ph\u00EDa sau. \u0110\u1EB7c bi\u1EC7t, khu C\u00F4ng vi\u00EAn Broadway ch\u00EDnh l\u00E0 \u0111i\u1EC3m ch\u1EA1m th\u0103ng hoa c\u1EE7a to\u00E0n h\u00E0nh tr\u00ECnh, n\u01A1i nh\u1EEFng l\u1EC5 h\u1ED9i r\u1EF1c r\u1EE1 v\u00E0 nh\u1ECBp s\u1ED1ng c\u1ED9ng \u0111\u1ED3ng g\u1EAFn k\u1EBFt \u0111\u01B0\u1EE3c lan t\u1ECFa tr\u1ECDn v\u1EB9n trong kh\u00F4ng gian xanh m\u1EDF.",
    "description2": "T\u1EEBng khu v\u1EF1c \u0111\u01B0\u1EE3c t\u00EDnh to\u00E1n k\u1EF9 l\u01B0\u1EE1ng \u0111\u1EC3 t\u1ED1i \u01B0u d\u00F2ng di chuy\u1EC3n, tr\u1EA3i nghi\u1EC7m v\u00E0 gi\u00E1 tr\u1ECB khai th\u00E1c. T\u1EA1i Essensia Broadway, m\u1ED7i b\u01B0\u1EDBc ch\u00E2n \u0111\u1EC1u m\u1EDF ra nh\u1EEFng kho\u1EA3nh kh\u1EAFc s\u1ED1ng \u0111a s\u1EAFc v\u00E0 th\u0103ng hoa."
  },
  "framedepicting": {
    "tongthe": "T\u1ED4NG TH\u1EC2",
    "shophouse": "SHOPHOUSE",
    "townhouse": "TOWNHOUSE",
    "clubhouse": "CLUBHOUSE",
    "congvien": "C\u00D4NG VI\u00CAN"
  },
  "contact": {
    "company": "PHU LONG PAVILION",
    "hotline": "090.629.6868",
    "email": "\u003Ca href=\u0022mailto:info@essensia.com.vn\u0022 target=\u0022_blank\u0022\u003Einfo@essensia.com.vn\u003C/a\u003E",
    "address": "\u003Ca href=\u0022https://maps.app.goo.gl/VKCC825cQWVLa5qE8?g_st=ic\u0022 target=\u0022_blank\u0022\u003ET\u1EA7ng G, to\u00E0 nh\u00E0 PV Gas\u003Cbr\u003E673 Nguy\u1EC5n H\u1EEFu Th\u1ECD, Nh\u00E0 B\u00E8, TP H\u1ED3 Ch\u00ED Minh\u003C/a\u003E",
    "fromInfo": "H\u00E3y \u0111\u1EC3 l\u1EA1i th\u00F4ng tin \u0111\u1EC3 \u0111\u1ED9i ng\u0169 t\u01B0 v\u1EA5n g\u1EEDi \u0111\u1EBFn b\u1EA1n chi ti\u1EBFt v\u1EC1 m\u1EB7t b\u1EB1ng, cung c\u1EA5p b\u1EA3ng gi\u00E1 v\u00E0 ch\u00EDnh s\u00E1ch m\u1EDBi nh\u1EA5t, gi\u00FAp b\u1EA1n d\u1EC5 d\u00E0ng \u0111\u01B0a ra quy\u1EBFt \u0111\u1ECBnh s\u1EDF h\u1EEFu ph\u00F9 h\u1EE3p nh\u1EA5t.",
    "copyright": "\u00A92025 B\u1EA3n quy\u1EC1n thu\u1ED9c v\u1EC1 Nh\u00E0 ph\u00E1t tri\u1EC3n Ph\u00FA Long",
    "sociallinktiktok": "https://www.tiktok.com/@essensianamsaigon",
    "sociallinkfacebook": "https://www.facebook.com/EssensiaNSG?locale=vi_VN"
  },
  "menu": {
    "nav_1": "TRANG CH\u1EE6",
    "nav_2": "V\u1ECA TR\u00CD",
    "nav_3": "S\u1EA2N PH\u1EA8M",
    "nav_4": "\u0110\u1EB6C QUY\u1EC0N",
    "nav_5": "M\u1EB6T B\u1EB0NG",
    "nav_6": "TIN T\u1EE8C"
  },
  "developer": {
    "description": "\u003Cp\u003E\n  Trong g\u1EA7n hai th\u1EADp k\u1EF7, Ph\u00FA Long \u0111\u00E3 \u0111\u00F3ng vai tr\u00F2 nh\u01B0 \u0022ng\u01B0\u1EDDi \u0111\u1EE9ng sau \u00E1nh \u0111\u00E8n\u0022, \u00E2m th\u1EA7m ki\u1EBFn\n  t\u1EA1o n\u00EAn nh\u1EEFng chuy\u1EC3n m\u00ECnh ngo\u1EA1n m\u1EE5c cho ph\u00EDa Nam S\u00E0i G\u00F2n. T\u1EEB v\u00F9ng \u0111\u1EA5t hoang s\u01A1 d\u1ECDc tr\u1EE5c\n  Nguy\u1EC5n H\u1EEFu Th\u1ECD, Ph\u00FA Long \u0111\u00E3 x\u00E2y d\u1EF1ng Dragon City, m\u1EDF ra m\u1ED9t trung t\u00E2m \u0111\u00F4 th\u1ECB n\u0103ng \u0111\u1ED9ng v\u1EDBi\n  h\u00E0ng ngh\u00ECn c\u0103n h\u1ED9 - bi\u1EC7t th\u1EF1 cao c\u1EA5p, c\u1ED9ng \u0111\u1ED3ng c\u01B0 d\u00E2n v\u0103n minh v\u00E0 h\u1EC7 sinh th\u00E1i d\u1ECBch v\u1EE5 ho\u00E0n\n  ch\u1EC9nh.\n\u003C/p\u003E\n\u003Cp\u003E\n  V\u00E0 gi\u1EDD \u0111\u00E2y, Essensia Broadway tr\u1EDF th\u00E0nh ch\u01B0\u01A1ng di\u1EC5n ti\u1EBFp theo trong h\u00E0nh tr\u00ECnh \u1EA5y - m\u1ED9t \u0111\u1EA1i\n  l\u1ED9 th\u01B0\u01A1ng m\u1EA1i mang tinh th\u1EA7n Broadway \u0111\u1EA7u ti\u00EAn c\u1EE7a khu v\u1EF1c, n\u01A1i Ph\u00FA Long ti\u1EBFp t\u1EE5c th\u1EC3 hi\u1EC7n\n  vai tr\u00F2 \u0022\u0111\u1EA1o di\u1EC5n\u0022 c\u1EE7a nh\u1EEFng kh\u00F4ng gian s\u1ED1ng th\u1EDDi th\u01B0\u1EE3ng v\u00E0 gi\u00E0u c\u1EA3m h\u1EE9ng. Essensia Broadway\n  kh\u00F4ng ch\u1EC9 l\u00E0 m\u1ED9t d\u1EF1 \u00E1n, m\u00E0 l\u00E0 l\u1EDDi kh\u1EB3ng \u0111\u1ECBnh m\u1EA1nh m\u1EBD cho k\u1EF7 nguy\u00EAn m\u1EDBi c\u1EE7a Ph\u00FA Long: Ki\u1EBFn\n  t\u1EA1o phong c\u00E1ch s\u1ED1ng, n\u00E2ng t\u1EA7m tr\u1EA3i nghi\u1EC7m, v\u00E0 th\u1EAFp s\u00E1ng t\u01B0\u01A1ng lai \u0111\u00F4 th\u1ECB ph\u00EDa Nam S\u00E0i G\u00F2n.\n\u003C/p\u003E",
    "partnerstitle": "\u0110\u1ED0I T\u00C1C \u0110\u1ED2NG H\u00C0NH",
    "partnersdescription1": "T\u01AF V\u1EA4N THI\u1EBET K\u1EBE C\u1EA2NH QUAN",
    "partnersdescription2": "T\u01AF V\u1EA4N THI\u1EBET K\u1EBE FACADE \u0026 N\u1ED8I TH\u1EA4T",
    "partnersdescription3": "T\u1ED4NG \u0110\u1EA0I L\u00DD"
  },
  "news": {
    "items": [
      {
        "title": "1 Essensia Broadway - \u0027nh\u1ECBp \u0111\u1EADp th\u01B0\u01A1ng m\u1EA1i\u0027 m\u1EDBi ph\u00EDa nam TP.HCM",
        "thumbnail": "images/news/Panorama_Essensia_4.webp",
        "order": 1,
        "summary": "Trong qu\u1EF9 \u0111\u1EA1o t\u00E1i thi\u1EBFt th\u01B0\u01A1ng m\u1EA1i ph\u00EDa nam TP.HCM, Essensia Broadway xu\u1EA5t hi\u1EC7n nh\u01B0 m\u1EA3nh gh\u00E9p d\u1EABn d\u1EAFt th\u1ECB tr\u01B0\u1EDDng.",
        "link": "http://znews.vn/essensia-broadway-nhip-dap-thuong-mai-moi-phia-nam-tphcm-post1611401.html"
      },
      {
        "thumbnail": "images/news/quan710.jpg",
        "order": 2,
        "link": "https://znews.vn/essensia-broadway-bua-tiec-anh-sang-dan-dat-phong-cach-song-do-thi-post1610465.html",
        "title": "2 Essensia Broadway - b\u1EEFa ti\u1EC7c \u00E1nh s\u00E1ng d\u1EABn d\u1EAFt phong c\u00E1ch s\u1ED1ng \u0111\u00F4 th\u1ECB",
        "summary": "Trong ph\u00E1t tri\u1EC3n \u0111\u00F4 th\u1ECB cao c\u1EA5p, \u00E1nh s\u00E1ng ng\u00E0y c\u00E0ng tr\u1EDF th\u00E0nh \u201Cch\u1EC9 d\u1EA5u ch\u1EA5t l\u01B0\u1EE3ng\u201D - y\u1EBFu t\u1ED1 gi\u00FAp m\u1ED9t tuy\u1EBFn ph\u1ED1 kh\u00E1c bi\u1EC7t v\u00E0 d\u1EC5 nh\u1EDB."
      },
      {
        "summary": "T\u1EF1a m\u1ED9t s\u00E2n kh\u1EA5u m\u1EDF gi\u1EEFa ph\u00EDa Nam TP H\u1ED3 Ch\u00ED Minh \u0111ang chuy\u1EC3n m\u00ECnh, Essensia Broadway mang tinh th\u1EA7n Broadway v\u00E0 ng\u00F4n ng\u1EEF Art-Deco v\u00E0o t\u1EEBng kh\u00F4ng gian, t\u1EA1o n\u1EC1n t\u1EA3ng cho l\u1ED1i s\u1ED1ng \u0111\u1EADm ch\u1EA5t ngh\u1EC7 thu\u1EADt gi\u1EEFa tr\u00E1i tim khu Nam.",
        "title": "3 Art-Deco: T\u1EEB di s\u1EA3n ki\u1EBFn tr\u00FAc \u0111\u1EBFn b\u1EA3n s\u1EAFc c\u1EE7a Essensia Broadway",
        "thumbnail": "images/news/shutterstock_1554541403_crop16x9.jpg",
        "link": "https://cafef.vn/art-deco-tu-di-san-kien-truc-den-ban-sac-cua-essensia-broadway-188251210071001254.chn",
        "order": 3
      },
      {
        "title": "4 Essensia Broadway - Khi kh\u00F4ng gian s\u1ED1ng mang \u00E2m h\u01B0\u1EDFng nh\u1EA1c k\u1ECBch",
        "thumbnail": "images/news/4_1.webp",
        "order": 4,
        "link": "https://dantri.com.vn/bat-dong-san/essensia-broadway-khi-khong-gian-song-mang-am-huong-nhac-kich-20251203164359515.htm",
        "summary": "L\u00E0 t\u1ED5 h\u1EE3p Art-Urban \u1EDF Nam S\u00E0i G\u00F2n, Essensia Broadway ki\u1EBFn t\u1EA1o kh\u00F4ng gian kh\u00E1c bi\u1EC7t, n\u01A1i m\u1ED7i b\u01B0\u1EDBc ch\u00E2n, m\u1ED7i kho\u1EA3nh kh\u1EAFc \u0111\u1EC1u tr\u1EDF th\u00E0nh m\u1ED9t m\u00E0n tr\u00ECnh di\u1EC5n c\u1EE7a phong c\u00E1ch v\u00E0 c\u1EA3m x\u00FAc."
      },
      {
        "order": 5,
        "thumbnail": "images/news/img-4061-176528559486253165873-1765325706430637227906.webp",
        "summary": "S\u1EF1 ph\u00E1t tri\u1EC3n nhanh c\u1EE7a \u0111\u00F4 th\u1ECB hi\u1EC7n \u0111\u1EA1i \u0111ang khi\u1EBFn nhu c\u1EA7u s\u1ED1ng c\u1EE7a c\u01B0 d\u00E2n thay \u0111\u1ED5i \u0111\u00E1ng k\u1EC3. Thay v\u00EC ch\u1EC9 t\u00ECm m\u1ED9t n\u01A1i \u0111\u1EC3 \u1EDF, nhi\u1EC1u ng\u01B0\u1EDDi theo \u0111u\u1ED5i ch\u1EA5t l\u01B0\u1EE3ng s\u1ED1ng cao b\u1EAFt \u0111\u1EA7u \u01B0u ti\u00EAn nh\u1EEFng kh\u00F4ng gian c\u00F3 b\u1EA3n s\u1EAFc, tr\u1EA3i nghi\u1EC7m v\u00E0 truy\u1EC1n c\u1EA3m h\u1EE9ng.",
        "title": "5 Nh\u00E0 ph\u00E1t tri\u1EC3n Ph\u00FA Long: \u0110\u01B0a ngh\u1EC7 thu\u1EADt tr\u1EDF th\u00E0nh nh\u1ECBp s\u1ED1ng m\u1EDBi c\u1EE7a Nam S\u00E0i G\u00F2n",
        "link": "https://dantri.com.vn/bat-dong-san/nha-phat-trien-phu-long-dua-nghe-thuat-tro-thanh-nhip-song-moi-cua-nam-sai-gon-20251206165255724.htm"
      },
      {
        "order": 6,
        "thumbnail": "images/news/image001jpg-1764754596750.webp?v=0.0.1",
        "link": "https://dantri.com.vn/bat-dong-san/nha-phat-trien-phu-long-dua-nghe-thuat-tro-thanh-nhip-song-moi-cua-nam-sai-gon-20251206165255724.htm",
        "summary": "C\u00E1c \u0111\u00F4 th\u1ECB l\u1EDBn th\u1EBF gi\u1EDBi \u0111\u1EC1u c\u00F3 \u0111\u1EA1i l\u1ED9 bi\u1EC3u t\u01B0\u1EE3ng h\u00F2a quy\u1EC7n v\u0103n h\u00F3a, ngh\u1EC7 thu\u1EADt, th\u01B0\u01A1ng m\u1EA1i l\u00E0m n\u00EAn b\u1EA3n s\u1EAFc. TP.HCM v\u1EABn thi\u1EBFu \u201Cs\u00E2n kh\u1EA5u\u201D \u0111\u1ECBnh danh ri\u00EAng.",
        "title": "6 T\u1EA1i sao TP.HCM c\u1EA7n m\u1ED9t \u201Cs\u00E2n kh\u1EA5u\u201D \u0111\u00F4 th\u1ECB \u0111\u1EADm ch\u1EA5t Broadway"
      },
      {
        "thumbnail": "images/news/quan710jpg-1765014488718.webp?v=0.0.1",
        "title": "7 (TCBC) Ph\u00FA Long kh\u1EDFi c\u00F4ng Essensia Broadway - Ph\u1ED1 th\u01B0\u01A1ng m\u1EA1i v\u00E0 ngh\u1EC7 thu\u1EADt \u0111\u01B0\u01A1ng \u0111\u1EA1i \u0111\u1EA7u ti\u00EAn t\u1EA1i Nam S\u00E0i G\u00F2n",
        "order": 7,
        "link": "https://vnexpress.net/phu-long-khoi-cong-pho-thuong-mai-va-nghe-thuat-tai-khu-nam-tp-hcm-4987385.html",
        "summary": "Essensia Broadway - d\u1EF1 \u00E1n th\u1EA5p t\u1EA7ng theo m\u00F4 h\u00ECnh k\u1EBFt h\u1EE3p th\u01B0\u01A1ng m\u1EA1i v\u00E0 ngh\u1EC7 thu\u1EADt, kh\u1EDFi c\u00F4ng ng\u00E0y 28/11, l\u00E0 d\u1EF1 \u00E1n th\u1EE9 ba trong qu\u1EA7n th\u1EC3 Essensia Nam S\u00E0i G\u00F2n."
      },
      {
        "title": "8 Essensia Broadway - b\u1EEFa ti\u1EC7c \u00E1nh s\u00E1ng d\u1EABn d\u1EAFt phong c\u00E1ch s\u1ED1ng \u0111\u00F4 th\u1ECB",
        "thumbnail": "images/news/Anh-1_Shutterstock.jpg",
        "link": "https://laodong.vn/thong-tin-doanh-nghiep/essensia-broadway-khi-anh-sang-nang-tam-trai-nghiem-va-thuong-hieu-1623852.ldo",
        "order": 8,
        "summary": "Nh\u00E0 ph\u00E1t tri\u1EC3n Ph\u00FA Long \u1EE9ng d\u1EE5ng \u00E1nh s\u00E1ng t\u1EA1i Essensia Broadway, n\u00E2ng t\u1EA7m tr\u1EA3i nghi\u1EC7m s\u1ED1ng c\u01B0 d\u00E2n v\u00E0 t\u1EA1o l\u1EE3i th\u1EBF c\u1EA1nh tranh cho c\u00E1c th\u01B0\u01A1ng hi\u1EC7u."
      },
      {
        "link": "https://laodong.vn/thong-tin-doanh-nghiep/tai-sao-tphcm-can-mot-san-khau-do-thi-dam-chat-broadway-1620735.ldo#:~:text=N%C6%A1i%20%C4%91%C3%A2y%20quy%20t%E1%BB%A5%20c%E1%BB%99ng,phong%20c%C3%A1ch%20s%E1%BB%91ng%20kh%C3%A1c%20bi%E1%BB%87t.",
        "order": 9,
        "title": "9 T\u1EA1i sao TP.HCM c\u1EA7n m\u1ED9t \u201Cs\u00E2n kh\u1EA5u\u201D \u0111\u00F4 th\u1ECB \u0111\u1EADm ch\u1EA5t Broadway",
        "thumbnail": "images/news/news-4.jpg?v=0.0.1",
        "summary": "C\u00E1c \u0111\u00F4 th\u1ECB l\u1EDBn th\u1EBF gi\u1EDBi \u0111\u1EC1u c\u00F3 \u0111\u1EA1i l\u1ED9 bi\u1EC3u t\u01B0\u1EE3ng h\u00F2a quy\u1EC7n v\u0103n h\u00F3a, ngh\u1EC7 thu\u1EADt, th\u01B0\u01A1ng m\u1EA1i l\u00E0m n\u00EAn b\u1EA3n s\u1EAFc. TP.HCM v\u1EABn thi\u1EBFu \u201Cs\u00E2n kh\u1EA5u\u201D \u0111\u1ECBnh danh ri\u00EAng."
      },
      {
        "order": 10,
        "thumbnail": "images/news/Fa544260301dbf43e60c.jpg",
        "link": "https://cafeland.vn/tin-tuc/essensia-broadway-song-giua-pho-thi-art-urban-noi-moi-ngay-la-mot-man-trinh-dien-cua-phong-cach-146339.html",
        "summary": "L\u00E0 t\u1ED5 h\u1EE3p Art-Urban ti\u00EAn phong t\u1EA1i khu Nam S\u00E0i G\u00F2n, Essensia Broadway ki\u1EBFn t\u1EA1o m\u1ED9t kh\u00F4ng gian ho\u00E0n to\u00E0n kh\u00E1c bi\u1EC7t, n\u01A1i m\u1ED7i b\u01B0\u1EDBc ch\u00E2n, m\u1ED7i kho\u1EA3nh kh\u1EAFc \u0111\u1EC1u tr\u1EDF th\u00E0nh m\u1ED9t m\u00E0n tr\u00ECnh di\u1EC5n c\u1EE7a phong c\u00E1ch v\u00E0 c\u1EA3m x\u00FAc.",
        "title": "10 Essensia Broadway: S\u1ED1ng gi\u1EEFa ph\u1ED1 th\u1ECB Art-Urban, n\u01A1i m\u1ED7i ng\u00E0y l\u00E0 m\u1ED9t m\u00E0n tr\u00ECnh di\u1EC5n c\u1EE7a phong c\u00E1ch"
      },
      {
        "order": 11,
        "link": "https://vnexpress.net/mo-hinh-pho-thuong-mai-va-nghe-thuat-tai-essensia-broadway-4991779.html",
        "thumbnail": "https://res.cloudinary.com/drlpx4bw5/image/upload/v1767979211/phulong-images/link-22-1.png",
        "title": "11 M\u00F4 h\u00ECnh ph\u1ED1 th\u01B0\u01A1ng m\u1EA1i v\u00E0 ngh\u1EC7 thu\u1EADt Essensia Broadway",
        "summary": "31 c\u0103n shophouse Essensia Broadway \u0111\u01B0a ki\u1EBFn tr\u00FAc Art-Deco v\u00E0o thi\u1EBFt k\u1EBF t\u1EA1o kh\u00F4ng gian th\u01B0\u01A1ng m\u1EA1i k\u1EBFt h\u1EE3p ngh\u1EC7 thu\u1EADt trong d\u1EF1 \u00E1n h\u01A1n 25.000 m2 ngay m\u1EB7t ti\u1EC1n Nguy\u1EC5n H\u1EEFu Th\u1ECD."
      },
      {
        "thumbnail": "images/news/image-20251203153532-1.jpeg",
        "title": "12 T\u1EA1i sao TP.HCM c\u1EA7n m\u1ED9t ",
        "summary": "Trong khi nh\u1EEFng th\u00E0nh ph\u1ED1 l\u1EDBn tr\u00EAn th\u1EBF gi\u1EDBi \u0111\u1EC1u s\u1EDF h\u1EEFu m\u1ED9t \u0111\u1EA1i l\u1ED9 mang t\u00EDnh bi\u1EC3u t\u01B0\u1EE3ng - n\u01A1i v\u0103n h\u00F3a, ngh\u1EC7 thu\u1EADt v\u00E0 th\u01B0\u01A1ng m\u1EA1i h\u00F2a quy\u1EC7n \u0111\u1EC3 t\u1EA1o n\u00EAn b\u1EA3n s\u1EAFc \u0111\u00F4 th\u1ECB - TP.HCM v\u1EABn thi\u1EBFu m\u1ED9t \u0027s\u00E2n kh\u1EA5u\u0027 \u0111\u1EE7 s\u1EE9c \u0111\u1ECBnh danh th\u00E0nh ph\u1ED1.",
        "order": 12,
        "link": "https://thanhnien.vn/tai-sao-tphcm-can-mot-san-khau-do-thi-dam-chat-broadway-185251205181008402.htm"
      },
      {
        "summary": "S\u1EF1 ph\u00E1t tri\u1EC3n nhanh c\u1EE7a \u0111\u00F4 th\u1ECB hi\u1EC7n \u0111\u1EA1i \u0111ang khi\u1EBFn nhu c\u1EA7u s\u1ED1ng c\u1EE7a c\u01B0 d\u00E2n thay \u0111\u1ED5i \u0111\u00E1ng k\u1EC3. Thay v\u00EC ch\u1EC9 t\u00ECm m\u1ED9t n\u01A1i \u0111\u1EC3 \u1EDF, nhi\u1EC1u ng\u01B0\u1EDDi tr\u1EBB th\u00E0nh \u0111\u1EA1t v\u00E0 c\u00E1c gia \u0111\u00ECnh theo \u0111u\u1ED5i ch\u1EA5t l\u01B0\u1EE3ng s\u1ED1ng cao b\u1EAFt \u0111\u1EA7u \u01B0u ti\u00EAn nh\u1EEFng kh\u00F4ng gian c\u00F3 b\u1EA3n s\u1EAFc, tr\u1EA3i nghi\u1EC7m v\u00E0 kh\u1EA3 n\u0103ng truy\u1EC1n c\u1EA3m h\u1EE9ng cho cu\u1ED9c s\u1ED1ng h\u1EB1ng ng\u00E0y.",
        "title": "13 Nh\u00E0 ph\u00E1t tri\u1EC3n Ph\u00FA Long: \u0110\u01B0a ngh\u1EC7 thu\u1EADt tr\u1EDF th\u00E0nh nh\u1ECBp s\u1ED1ng m\u1EDBi c\u1EE7a Nam S\u00E0i G\u00F2n",
        "thumbnail": "images/news/image-20251213123654-1.jpeg",
        "order": 13,
        "link": "https://tienphong.vn/nha-phat-trien-phu-long-dua-nghe-thuat-tro-thanh-nhip-song-moi-cua-nam-sai-gon-post1802422.tpo"
      },
      {
        "title": "14 Art-Deco: T\u1EEB di s\u1EA3n ki\u1EBFn tr\u00FAc \u0111\u1EBFn b\u1EA3n s\u1EAFc c\u1EE7a Essensia Broadway",
        "link": "https://congluan.vn/art-deco-tu-di-san-kien-truc-den-ban-sac-cua-essensia-broadway-10322007.html",
        "thumbnail": "images/news/3-17649324178591997387885.webp",
        "order": 14,
        "summary": "T\u1EF1a m\u1ED9t s\u00E2n kh\u1EA5u m\u1EDF gi\u1EEFa Nam S\u00E0i G\u00F2n \u0111ang chuy\u1EC3n m\u00ECnh, Essensia Broadway mang tinh th\u1EA7n Broadway v\u00E0 ng\u00F4n ng\u1EEF Art-Deco v\u00E0o t\u1EEBng kh\u00F4ng gian, t\u1EA1o n\u1EC1n t\u1EA3ng cho l\u1ED1i s\u1ED1ng \u0111\u1EADm ch\u1EA5t ngh\u1EC7 thu\u1EADt gi\u1EEFa tr\u00E1i tim khu Nam."
      },
      {
        "order": 15,
        "title": "15 Essensia Broadway: \u201CSpotlight\u201D c\u1EE7a nh\u1EEFng th\u01B0\u01A1ng hi\u1EC7u ti\u00EAn phong",
        "summary": "Nh\u1EEFng n\u0103m g\u1EA7n \u0111\u00E2y, Nam S\u00E0i G\u00F2n tr\u1EDF th\u00E0nh \u0111i\u1EC3m \u0111\u1EBFn gi\u00E0u s\u1EE9c h\u00FAt c\u1EE7a c\u00E1c th\u01B0\u01A1ng hi\u1EC7u b\u00E1n l\u1EBB, F\u0026B v\u00E0 d\u1ECBch v\u1EE5 tr\u1EA3i nghi\u1EC7m. Trong d\u00F2ng ch\u1EA3y \u1EA5y, Essensia Broadway xu\u1EA5t hi\u1EC7n nh\u01B0 m\u1ED9t t\u1ED5 h\u1EE3p Art\u2013Urban th\u1EDDi th\u01B0\u1EE3ng, quy t\u1EE5 ba \u201Ct\u00EDnh c\u00E1ch\u201D ki\u1EBFn tr\u00FAc n\u1ED5i b\u1EADt: nh\u00E0 ph\u1ED1 th\u01B0\u01A1ng m\u1EA1i t\u1EA1o nh\u1ECBp s\u00F4i \u0111\u1ED9ng tuy\u1EBFn ph\u1ED1, nh\u00E0 ph\u1ED1 li\u1EC1n k\u1EC1 \u0111\u1ECBnh h\u00ECnh phong c\u00E1ch s\u1ED1ng thanh l\u1ECBch v\u00E0 clubhouse mang tinh th\u1EA7n tr\u00ECnh di\u1EC5n \u0111\u1EB7c tr\u01B0ng Broadway.",
        "link": "https://cafeland.vn/tin-tuc/essensia-broadway-spotlight-cua-nhung-thuong-hieu-tien-phong-146957.html",
        "thumbnail": "https://res.cloudinary.com/drlpx4bw5/image/upload/v1767979290/phulong-images/link-24-1.png"
      },
      {
        "thumbnail": "https://res.cloudinary.com/drlpx4bw5/image/upload/v1767979305/phulong-images/link-25.webp",
        "summary": "Metro s\u1ED1 4, tuy\u1EBFn \u0111\u01B0\u1EDDng s\u1EAFt t\u1ED1c \u0111\u1ED9 cao B\u1EBFn Th\u00E0nh - C\u1EA7n Gi\u1EDD c\u00F9ng nhi\u1EC1u h\u1EA1 t\u1EA7ng \u0111ang tri\u1EC3n khai gi\u00FAp th\u00EAm tr\u1EE5c k\u1EBFt n\u1ED1i, th\u00FAc \u0111\u1EA9y h\u00ECnh th\u00E0nh c\u00E1c ph\u1ED1 th\u01B0\u01A1ng m\u1EA1i, khu d\u00E2n c\u01B0 khu Nam.",
        "title": "16 Hai tuy\u1EBFn metro th\u00EAm l\u1EF1c \u0111\u1EA9y cho \u0111\u1ECBa \u1ED1c khu Nam TP HCM",
        "order": 16,
        "link": "https://vnexpress.net/hai-tuyen-metro-them-luc-day-cho-dia-oc-khu-nam-tp-hcm-4996246.html"
      },
      {
        "order": 17,
        "link": "https://tienphong.vn/ha-tang-mach-dan-cho-bat-dong-san-khu-nam-tphcm-but-toc-trong-chu-ky-moi-post1806702.tpo",
        "title": "17 H\u1EA1 t\u1EA7ng \u2013 \u0027m\u1EA1ch d\u1EABn\u0027 cho b\u1EA5t \u0111\u1ED9ng s\u1EA3n khu Nam TP.HCM b\u1EE9t t\u1ED1c trong chu k\u1EF3 m\u1EDBi",
        "thumbnail": "https://res.cloudinary.com/drlpx4bw5/image/upload/v1767979357/phulong-images/link-26.jpg",
        "summary": "Trong ti\u1EBFn tr\u00ECnh ph\u00E1t tri\u1EC3n \u0111\u00F4 th\u1ECB, h\u1EA1 t\u1EA7ng lu\u00F4n \u0111i tr\u01B0\u1EDBc m\u1ED9t b\u01B0\u1EDBc, \u0111\u00F3ng vai tr\u00F2 d\u1EABn d\u1EAFt d\u00F2ng v\u1ED1n, ph\u00E2n b\u1ED5 l\u1EA1i kh\u00F4ng gian s\u1ED1ng v\u00E0 t\u00E1i c\u1EA5u tr\u00FAc th\u1ECB tr\u01B0\u1EDDng b\u1EA5t \u0111\u1ED9ng s\u1EA3n. S\u1EF1 \u0111\u1EA7u t\u01B0 \u0111\u1ED3ng b\u1ED9 v\u00E0o m\u1EA1ng l\u01B0\u1EDBi giao th\u00F4ng \u0111ang gi\u00FAp TP.HCM n\u00F3i chung v\u00E0 khu Nam n\u00F3i ri\u00EAng b\u01B0\u1EDBc v\u00E0o qu\u1EF9 \u0111\u1EA1o c\u1EE7a chu k\u1EF3 ph\u00E1t tri\u1EC3n m\u1EDBi, n\u01A1i b\u1EA5t \u0111\u1ED9ng s\u1EA3n d\u1ECBch chuy\u1EC3n theo h\u01B0\u1EDBng ph\u00E1t tri\u1EC3n chi\u1EC1u s\u00E2u, b\u1EC1n v\u1EEFng v\u00E0 g\u1EAFn ch\u1EB7t v\u1EDBi ch\u1EA5t l\u01B0\u1EE3ng s\u1ED1ng \u0111\u00F4 th\u1ECB."
      },
      {
        "thumbnail": "https://res.cloudinary.com/drlpx4bw5/image/upload/v1767979391/phulong-images/link-28.jpg",
        "title": "18 Essensia Broadway chinh ph\u1EE5c gi\u1EDBi th\u01B0\u1EE3ng l\u01B0u b\u1EB1ng \u0111\u1EB7c quy\u1EC1n l\u1EF1a ch\u1ECDn nh\u1ECBp s\u1ED1ng",
        "summary": "Kh\u00F4ng ch\u1EC9 mang \u0111\u1EBFn nh\u1EEFng \u0111\u1EB7c quy\u1EC1n an c\u01B0 h\u1EA1ng sang, Essensia Broadway c\u00F2n l\u00E0 n\u01A1i gi\u1EDBi th\u01B0\u1EE3ng l\u01B0u \u0111\u1ECBnh ngh\u0129a nh\u1ECBp s\u1ED1ng c\u1EE7a ri\u00EAng m\u00ECnh. T\u1EA1i \u0111\u00E2y, \u0111\u1EB3ng c\u1EA5p kh\u00F4ng n\u1EB1m \u1EDF v\u1ECB tr\u00ED hay di\u1EC7n t\u00EDch m\u00E0 \u1EDF quy\u1EC1n l\u1EF1a ch\u1ECDn nh\u1ECBp s\u1ED1ng gi\u1EEFa trung t\u00E2m Art-Urban kh\u00F4ng ng\u1EEBng chuy\u1EC3n \u0111\u1ED9ng.",
        "order": 18,
        "link": "https://cafef.vn/essensia-broadway-chinh-phuc-gioi-thuong-luu-bang-dac-quyen-lua-chon-nhip-song-188251223165147344.chn"
      },
      {
        "summary": "C\u00E1c gia \u0111\u00ECnh th\u01B0\u1EE3ng l\u01B0u ng\u00E0y nay kh\u00F4ng ch\u1EC9 t\u00ECm ki\u1EBFm m\u1ED9t n\u01A1i \u0111\u1EC3 \u1EDF, m\u00E0 l\u00E0 kh\u00F4ng gian s\u1ED1ng c\u00F3 \u201Cnh\u1ECBp\u201D - \u0111\u1EE7 n\u0103ng \u0111\u1ED9ng \u0111\u1EC3 theo k\u1ECBp t\u1ED1c \u0111\u1ED9 \u0111\u00F4 th\u1ECB v\u00E0 \u0111\u1EE7 kho\u00E1ng \u0111\u1EA1t \u0111\u1EC3 nu\u00F4i d\u01B0\u1EE1ng c\u1EA3m h\u1EE9ng.",
        "title": "19 C\u00E1ch Essensia Broadway trau chu\u1ED1t tr\u1EA3i nghi\u1EC7m s\u1ED1ng \u0111\u1EB3ng c\u1EA5p",
        "order": 19,
        "link": "https://tuoitre.vn/cach-essensia-broadway-trau-chuot-trai-nghiem-song-dang-cap-20251225155703599.htm",
        "thumbnail": "https://res.cloudinary.com/drlpx4bw5/image/upload/v1767979430/phulong-images/link-30.webp"
      },
      {
        "order": 20,
        "summary": "C\u00E1c gia \u0111\u00ECnh th\u01B0\u1EE3ng l\u01B0u ng\u00E0y nay kh\u00F4ng ch\u1EC9 t\u00ECm ki\u1EBFm m\u1ED9t n\u01A1i \u0111\u1EC3 \u1EDF, m\u00E0 l\u00E0 kh\u00F4ng gian s\u1ED1ng c\u00F3 \u201Cnh\u1ECBp\u201D - \u0111\u1EE7 n\u0103ng \u0111\u1ED9ng \u0111\u1EC3 theo k\u1ECBp t\u1ED1c \u0111\u1ED9 \u0111\u00F4 th\u1ECB v\u00E0 \u0111\u1EE7 kho\u00E1ng \u0111\u1EA1t \u0111\u1EC3 nu\u00F4i d\u01B0\u1EE1ng c\u1EA3m h\u1EE9ng. Nh\u01B0 m\u1ED9t l\u1EDDi h\u1ED3i \u0111\u00E1p tr\u1ECDn v\u1EB9n, Essensia Broadway ki\u1EBFn t\u1EA1o v\u00F2ng tr\u00F2n \u0111\u1EB3ng c\u1EA5p, n\u01A1i nh\u1EEFng tr\u1EA3i nghi\u1EC7m tinh hoa \u0111\u01B0\u1EE3c k\u1EBFt n\u1ED1i li\u1EC1n m\u1EA1ch t\u1EEB kh\u00F4ng gian ri\u00EAng t\u01B0 \u0111\u1EBFn nh\u1ECBp s\u1ED1ng c\u1ED9ng \u0111\u1ED3ng.",
        "title": "20 Trau chu\u1ED1t tr\u1EA3i nghi\u1EC7m s\u1ED1ng: C\u00E1ch Essensia Broadway t\u00E1i \u0111\u1ECBnh ngh\u0129a \u201C\u0111\u1EB3ng c\u1EA5p\u201D",
        "thumbnail": "https://res.cloudinary.com/drlpx4bw5/image/upload/v1767979460/phulong-images/link-31.webp",
        "link": "https://www.sggp.org.vn/trau-chuot-trai-nghiem-song-cach-essensia-broadway-tai-dinh-nghia-dang-cap-post830516.html"
      },
      {
        "summary": "V\u1EDBi v\u1ECB th\u1EBF v\u00E0 th\u00E0nh c\u00F4ng \u0111\u00E3 \u0111\u01B0\u1EE3c kh\u1EB3ng \u0111\u1ECBnh, gi\u1EDBi th\u00E0nh \u0111\u1EA1t kh\u00F4ng xem \u0027nh\u00E0\u0027 nh\u01B0 ch\u1ED1n an tr\u00FA, m\u00E0 l\u00E0 kh\u00F4ng gian \u0111\u1EC3 t\u1EADn h\u01B0\u1EDFng d\u00F2ng ch\u1EA3y th\u1ECBnh v\u01B0\u1EE3ng ngay th\u1EC1m c\u1EEDa.",
        "thumbnail": "https://res.cloudinary.com/drlpx4bw5/image/upload/v1767979500/phulong-images/link-33.avif",
        "link": "https://baomoi.com/viet-lai-cach-song-voi-mo-hinh-do-thi-art-urban-cua-essensia-broadway-c54125170.epi?zdlink=Uo9XRcHoRsba8ZeYOszjBcLmQI8i8cblSo8wUo9pOsXbRMLVTN9i8ZeYUc5iRoqsDJ4vDpaqDZOwN2zSBo8i8c5mS6ba8ZeYDZKnEJSvD3Os8drz",
        "order": 21,
        "title": "21 Vi\u1EBFt l\u1EA1i c\u00E1ch s\u1ED1ng v\u1EDBi m\u00F4 h\u00ECnh \u0111\u00F4 th\u1ECB Art-Urban c\u1EE7a Essensia Broadway"
      },
      {
        "order": 22,
        "link": "https://tuoitre.vn/essensia-broadway-diem-sang-khu-nam-khi-nguon-cung-thap-tang-khan-hiem-20251230161359487.htm",
        "thumbnail": "https://res.cloudinary.com/drlpx4bw5/image/upload/v1767979533/phulong-images/link-34.webp",
        "title": "22 Essensia Broadway: \u0110i\u1EC3m s\u00E1ng khu Nam khi ngu\u1ED3n cung th\u1EA5p t\u1EA7ng khan hi\u1EBFm",
        "summary": "Trong b\u1ED1i c\u1EA3nh qu\u1EF9 \u0111\u1EA5t n\u1ED9i \u0111\u00F4 ng\u00E0y c\u00E0ng thu h\u1EB9p v\u00E0 ngu\u1ED3n cung th\u1EA5p t\u1EA7ng khan hi\u1EBFm, Essensia Broadway n\u1ED5i l\u00EAn nh\u01B0 m\u1ED9t trong s\u1ED1 \u00EDt d\u1EF1 \u00E1n m\u1EDBi, \u0111\u00F3n nh\u1ECBp chuy\u1EC3n \u0111\u1ED9ng c\u1EE7a h\u1EA1 t\u1EA7ng khu Nam."
      },
      {
        "thumbnail": "https://res.cloudinary.com/drlpx4bw5/image/upload/v1767979566/phulong-images/link-35.webp",
        "summary": "Essensia Broadway quy m\u00F4 h\u01A1n 2,5 ha, ph\u00E1t tri\u1EC3n ti\u1EC7n \u00EDch theo h\u01B0\u1EDBng c\u00E1 nh\u00E2n h\u00F3a tr\u1EA3i nghi\u1EC7m s\u1ED1ng, k\u1EBFt h\u1EE3p y\u1EBFu t\u1ED1 ngh\u1EC7 thu\u1EADt v\u00E0o kh\u00F4ng gian c\u1ED9ng \u0111\u1ED3ng.",
        "order": 23,
        "title": "23 Ph\u00FA Long \u0111\u01B0a y\u1EBFu t\u1ED1 ngh\u1EC7 thu\u1EADt v\u00E0o h\u1EC7 ti\u1EC7n \u00EDch Essensia Broadway",
        "link": "https://vnexpress.net/phu-long-dua-yeu-to-nghe-thuat-vao-he-tien-ich-essensia-broadway-5000651.html"
      },
      {
        "link": "https://baomoi.com/hanh-trinh-trai-nghiem-da-tang-tu-loi-song-essensia-broadway-c54192793.epi?zdlink=Uo9XRcHoRsba8ZeYOszjBcLmQI8i8cblSo8wUo9pOsXbRMLVTN9i8ZeYUc5iRoqsDJ4vDpaqDZOwN2zSBo8i8c5mS6ba8ZeYDZKnEJSvD3Os8drz\u0026gidzl=yOKTQ0-7FbZqaXXg2futM_QG46mGdMDVkvyMFagICb-qp15lJPCmMhMG46fEdJCEjCKMQJR8EnS528OpL0",
        "title": "24 H\u00E0nh tr\u00ECnh tr\u1EA3i nghi\u1EC7m \u0111a t\u1EA7ng t\u1EEB \u0027l\u00F5i s\u1ED1ng\u0027 Essensia Broadway",
        "thumbnail": "https://res.cloudinary.com/drlpx4bw5/image/upload/v1767979592/phulong-images/link-39.webp",
        "order": 24,
        "summary": "Trong nh\u1ECBp s\u1ED1ng hi\u1EC7n \u0111\u1EA1i, gi\u1EDBi tinh hoa \u0111\u1ECBnh ngh\u0129a chu\u1EA9n m\u1EF1c \u0111\u1EB3ng c\u1EA5p b\u1EB1ng ch\u1EA5t l\u01B0\u1EE3ng tr\u1EA3i nghi\u1EC7m thay v\u00EC nh\u1EEFng th\u01B0\u1EDBc \u0111o thu\u1EA7n v\u1EADt ch\u1EA5t."
      }
    ]
  }
}