{
  "sliderGroupsProduct": [
    {
      "key": "slider_product_1",
      "name": "Nh\u00F3m Slider S\u1EA3n ph\u1EA9m 1",
      "images": [
        {
          "order": 1,
          "tab": "image5",
          "desktop": "images/slide-thuongmai/top-5.jpg",
          "alt": "image 5",
          "des": "",
          "mobile": "images/slide-thuongmai/mobile_top_5.png"
        },
        {
          "tab": "image2",
          "mobile": "images/slide-thuongmai/mobile_top_2.png",
          "alt": "image 2",
          "des": "",
          "order": 2,
          "desktop": "images/slide-thuongmai/top-2.jpg"
        },
        {
          "mobile": "images/slide-thuongmai/mobile_top_3.png",
          "alt": "image3",
          "order": 3,
          "des": "",
          "desktop": "images/slide-thuongmai/top-3.jpg",
          "tab": "image3"
        },
        {
          "order": 4,
          "des": "",
          "desktop": "images/slide-thuongmai/top-4.jpg",
          "alt": "image 4",
          "mobile": "images/slide-thuongmai/mobile_top_4.png",
          "tab": "image4"
        },
        {
          "order": 5,
          "alt": "image 1",
          "des": "",
          "mobile": "images/slide-thuongmai/mobile_top_1.png",
          "desktop": "images/slide-thuongmai/top-1.png",
          "tab": "images1"
        }
      ]
    },
    {
      "key": "slider_product_2",
      "images": [
        {
          "des": "",
          "tab": "image1",
          "order": 1,
          "alt": "image 1",
          "desktop": "images/slide-thuongmai/1.jpg",
          "mobile": "images/slide-thuongmai/1.jpg"
        },
        {
          "desktop": "images/slide-thuongmai/2.jpg",
          "alt": "image 2",
          "mobile": "images/slide-thuongmai/2.jpg",
          "order": 2,
          "des": "",
          "tab": "image2"
        },
        {
          "tab": "image3",
          "order": 3,
          "alt": "image 3",
          "mobile": "images/slide-thuongmai/3.jpg",
          "des": "",
          "desktop": "images/slide-thuongmai/3.jpg"
        },
        {
          "desktop": "images/slide-thuongmai/4.jpg",
          "mobile": "images/slide-thuongmai/4.jpg",
          "order": 4,
          "tab": "image4",
          "des": "",
          "alt": "image 4"
        },
        {
          "alt": "image 5",
          "tab": "image5",
          "desktop": "images/slide-thuongmai/5.jpg",
          "des": "",
          "mobile": "images/slide-thuongmai/5.jpg",
          "order": 5
        }
      ],
      "name": "Nh\u00F3m Slider S\u1EA3n ph\u1EA9m 2"
    },
    {
      "images": [
        {
          "mobile": "images/slide-nhapholienke/top-mobile-1.jpg",
          "tab": "image1",
          "desktop": "images/slide-nhapholienke/top-1.png",
          "des": "",
          "alt": "image 1",
          "order": 1
        },
        {
          "desktop": "images/slide-nhapholienke/top-2.jpg",
          "order": 2,
          "alt": "image 2",
          "des": "",
          "mobile": "images/slide-nhapholienke/top-mobile-2.png",
          "tab": "image2"
        },
        {
          "des": "",
          "tab": "",
          "order": 3,
          "desktop": "https://res.cloudinary.com/drlpx4bw5/image/upload/v1768034019/phulong-images/slider_product_2_2_desktop_1768034016840.jpg",
          "mobile": "https://res.cloudinary.com/drlpx4bw5/image/upload/v1768034023/phulong-images/slider_product_2_2_mobile_1768034022919.jpg",
          "alt": ""
        }
      ],
      "name": "Nh\u00F3m Slider S\u1EA3n ph\u1EA9m 3",
      "key": "slider_product_3"
    },
    {
      "name": "Nh\u00F3m Slider S\u1EA3n ph\u1EA9m 4",
      "images": [
        {
          "alt": "image 1",
          "mobile": "images/slide-nhapholienke/1.jpg",
          "desktop": "images/slide-nhapholienke/1.jpg",
          "tab": "image1",
          "des": "",
          "order": 1
        },
        {
          "alt": "image 2",
          "tab": "image2",
          "order": 2,
          "mobile": "images/slide-nhapholienke/2.jpg",
          "desktop": "images/slide-nhapholienke/2.jpg",
          "des": ""
        },
        {
          "desktop": "images/slide-nhapholienke/3.jpg",
          "des": "",
          "alt": "image 3",
          "mobile": "images/slide-nhapholienke/3.jpg",
          "tab": "image3",
          "order": 3
        },
        {
          "des": "",
          "alt": "image4",
          "desktop": "images/slide-nhapholienke/4.jpg",
          "tab": "image4",
          "order": 4,
          "mobile": "images/slide-nhapholienke/6.jpg"
        },
        {
          "alt": "image 5",
          "order": 5,
          "tab": "image5",
          "des": "",
          "mobile": "images/slide-nhapholienke/5.jpg",
          "desktop": "images/slide-nhapholienke/5.jpg"
        }
      ],
      "key": "slider_product_4"
    }
  ],
  "sliderGroupsPrivilege": [
    {
      "images": [
        {
          "desktop": "images/gallary-clubhouse/default.jpg",
          "mobile": "images/gallary-clubhouse/default.jpg",
          "tab": "KHU CAFE LOUNGE",
          "des": "T\u1ECDa l\u1EA1c tr\u00EAn rooftop v\u1EDBi thi\u1EBFt k\u1EBF m\u1EDF v\u00E0 t\u1EA7m nh\u00ECn tho\u00E1ng \u0111\u00E3ng, \u0111\u00E2y l\u00E0 \u0111i\u1EC3m h\u1EB9n l\u00FD t\u01B0\u1EDFng cho nh\u1EEFng bu\u1ED5i g\u1EB7p g\u1EE1 nh\u1EB9 nh\u00E0ng hay nh\u1EEFng b\u1EEFa ti\u1EC7c nh\u1ECF th\u00E2n m\u1EADt. D\u01B0\u1EDBi \u00E1nh ho\u00E0ng h\u00F4n r\u1EF1c r\u1EE1, c\u01B0 d\u00E2n c\u00F3 th\u1EC3 nh\u00E2m nhi m\u1ED9t t\u00E1ch cafe hay ly vang th\u01B0\u1EE3ng h\u1EA1ng, t\u1EADn h\u01B0\u1EDFng s\u1EF1 t\u0129nh l\u1EB7ng v\u00E0 ri\u00EAng t\u01B0 sau m\u1ED9t ng\u00E0y d\u00E0i.",
          "order": 1,
          "alt": "KHU CAFE LOUNGE"
        },
        {
          "alt": "PH\u00D2NG GYM",
          "mobile": "images/gallary-clubhouse/gym.jpg",
          "order": 2,
          "desktop": "images/gallary-clubhouse/gym.jpg",
          "des": "S\u1EDF h\u1EEFu kh\u00F4ng gian r\u1ED9ng r\u00E3i v\u1EDBi trang thi\u1EBFt b\u1ECB hi\u1EC7n \u0111\u1EA1i, t\u1EEB khu v\u1EF1c t\u1EADp m\u00E1y, n\u00E2ng t\u1EA1 \u0111\u1EBFn c\u00E1c kho\u1EA3ng kh\u00F4ng d\u00E0nh ri\u00EAng cho b\u00E0i t\u1EADp c\u00E1 nh\u00E2n. Vi\u1EC7c t\u00EDch h\u1EE3p ph\u00F2ng Gym ngay n\u1ED9i khu gi\u00FAp c\u01B0 d\u00E2n d\u1EC5 d\u00E0ng duy tr\u00EC nh\u1ECBp s\u1ED1ng kh\u1ECFe kho\u1EAFn m\u1ED7i ng\u00E0y m\u00E0 kh\u00F4ng c\u1EA7n ph\u1EA3i di chuy\u1EC3n xa hay ph\u1EE5 thu\u1ED9c v\u00E0o c\u00E1c trung t\u00E2m b\u00EAn ngo\u00E0i.",
          "tab": "PH\u00D2NG GYM"
        },
        {
          "order": 3,
          "des": "L\u00E0 ti\u1EC7n \u00EDch r\u1EA5t hi\u1EBFm g\u1EB7p t\u1EA1i c\u00E1c d\u1EF1 \u00E1n th\u1EA5p t\u1EA7ng, mang \u0111\u1EBFn tr\u1EA3i nghi\u1EC7m th\u1EC3 thao th\u01B0\u1EE3ng l\u01B0u cho c\u1ED9ng \u0111\u1ED3ng c\u01B0 d\u00E2n. V\u1EDBi c\u00F4ng ngh\u1EC7 m\u00F4 ph\u1ECFng hi\u1EC7n \u0111\u1EA1i trong kh\u00F4ng gian k\u00EDn \u0111\u00E1o, \u0111\u00E2y l\u00E0 n\u01A1i l\u00FD t\u01B0\u1EDFng \u0111\u1EC3 luy\u1EC7n t\u1EADp k\u1EF9 thu\u1EADt hay giao l\u01B0u c\u00F9ng b\u1EA1n b\u00E8. S\u1EF1 hi\u1EC7n di\u1EC7n c\u1EE7a ph\u00F2ng golf gi\u1EA3 l\u1EADp l\u00E0 minh ch\u1EE9ng cho phong c\u00E1ch s\u1ED1ng tinh t\u1EBF v\u00E0 kh\u00E1c bi\u1EC7t t\u1EA1i Essensia Broadway.",
          "alt": "GOLF GI\u1EA2 L\u1EACP",
          "tab": "GOLF GI\u1EA2 L\u1EACP",
          "mobile": "images/gallary-clubhouse/golf.jpg",
          "desktop": "images/gallary-clubhouse/golf.jpg"
        },
        {
          "tab": "SPA TH\u01AF GI\u00C3N",
          "desktop": "images/gallary-clubhouse/spa.jpg",
          "mobile": "images/gallary-clubhouse/spa.jpg",
          "alt": "SPA TH\u01AF GI\u00C3N",
          "des": "H\u1EC7 th\u1ED1ng ph\u00F2ng Spa, x\u00F4ng h\u01A1i v\u00E0 tr\u1ECB li\u1EC7u \u0111\u01B0\u1EE3c b\u1ED1 tr\u00ED li\u00EAn ho\u00E0n, m\u1EDF ra h\u00E0nh tr\u00ECnh ch\u0103m s\u00F3c th\u00E2n - t\u00E2m - tr\u00ED tr\u1ECDn v\u1EB9n. T\u1EA1i \u0111\u00E2y, c\u01B0 d\u00E2n c\u00F3 th\u1EC3 th\u1EA3nh th\u01A1i t\u00E1i t\u1EA1o n\u0103ng l\u01B0\u1EE3ng v\u00E0 t\u1EADn h\u01B0\u1EDFng c\u00E1c li\u1EC7u ph\u00E1p ch\u0103m s\u00F3c c\u01A1 th\u1EC3 chuy\u00EAn s\u00E2u ngay trong ch\u00EDnh khu\u00F4n vi\u00EAn s\u1ED1ng c\u1EE7a m\u00ECnh.",
          "order": 4
        },
        {
          "des": "Kh\u00F4ng gian vui ch\u01A1i trong nh\u00E0 \u0111\u01B0\u1EE3c \u0111\u1EA7u t\u01B0 k\u1EF9 l\u01B0\u1EE1ng, \u0111\u1EC1 cao s\u1EF1 an to\u00E0n v\u00E0 t\u00EDnh gi\u00E1o d\u1EE5c. V\u1EDBi c\u00E1c tr\u00F2 ch\u01A1i v\u1EADn \u0111\u1ED9ng v\u00E0 s\u00E1ng t\u1EA1o, n\u01A1i \u0111\u00E2y kh\u00F4ng ch\u1EC9 gi\u00FAp tr\u1EBB ph\u00E1t tri\u1EC3n th\u1EC3 ch\u1EA5t m\u00E0 c\u00F2n k\u00EDch th\u00EDch tr\u00ED th\u00F4ng minh, mang \u0111\u1EBFn cho nh\u1EEFng c\u01B0 d\u00E2n nh\u00ED m\u1ED9t tu\u1ED5i th\u01A1 \u0111\u1EA7y m\u00E0u s\u1EAFc v\u00E0 ni\u1EC1m vui.",
          "mobile": "images/gallary-clubhouse/EB_Kids.jpg",
          "alt": "VUI CH\u01A0I TR\u1EBA EM",
          "order": 5,
          "desktop": "images/gallary-clubhouse/EB_Kids.jpg",
          "tab": "VUI CH\u01A0I TR\u1EBA EM"
        },
        {
          "tab": "H\u1ED2 B\u01A0I TH\u00C1C N\u01AF\u1EDAC S\u1EE2I QUANG",
          "mobile": "https://res.cloudinary.com/drlpx4bw5/image/upload/v1768197596/phulong-images/slider_privilege_0_5_mobile_1768197597110.jpg",
          "alt": "H\u1ED2 B\u01A0I TH\u00C1C N\u01AF\u1EDAC S\u1EE2I QUANG",
          "des": "Khu h\u1ED3 b\u01A1i \u0111\u01B0\u1EE3c t\u1EA1o t\u00E1c t\u1EC9 m\u1EC9 t\u1EEB thi\u1EBFt k\u1EBF \u0111\u1EBFn c\u00F4ng n\u0103ng, mang \u0111\u1EBFn m\u1ED9t thi\u00EAn \u0111\u01B0\u1EDDng th\u01B0 gi\u00E3n \u0111\u00FAng ngh\u0129a \u0111\u1EC3 v\u1ED7 v\u1EC1 c\u01A1 th\u1EC3 v\u00E0 tinh th\u1EA7n sau ng\u00E0y d\u00E0i. \u0110i\u1EC3m nh\u1EA5n \u0111\u1EAFt gi\u00E1 l\u00E0 th\u00E1c n\u01B0\u1EDBc k\u1EBFt h\u1EE3p h\u1EC7 th\u1ED1ng s\u1EE3i quang \u00E1nh s\u00E1ng, bi\u1EBFn kh\u00F4ng gian m\u1EB7t n\u01B0\u1EDBc th\u00E0nh m\u1ED9t v\u01B0\u01A1ng qu\u1ED1c \u00E1nh s\u00E1ng lung linh, huy\u1EC1n \u1EA3o m\u1ED7i khi \u0111\u00EAm v\u1EC1.",
          "desktop": "https://res.cloudinary.com/drlpx4bw5/image/upload/v1768032940/phulong-images/slider_privilege_0_5_desktop_1768032938316.jpg",
          "order": 6
        },
        {
          "des": "R\u1EA1p chi\u1EBFu phim ri\u00EAng t\u01B0 v\u1EDBi s\u1ED1 l\u01B0\u1EE3ng gh\u1EBF gi\u1EDBi h\u1EA1n, mang l\u1EA1i tr\u1EA3i nghi\u1EC7m \u0111i\u1EC7n \u1EA3nh kh\u00E1c bi\u1EC7t ho\u00E0n to\u00E0n so v\u1EDBi c\u00E1c r\u1EA1p th\u01B0\u01A1ng m\u1EA1i \u1ED3n \u00E0o. \u0110\u00E2y l\u00E0 kh\u00F4ng gian ho\u00E0n h\u1EA3o cho nh\u1EEFng bu\u1ED5i xem phim gia \u0111\u00ECnh \u1EA5m c\u00FAng ho\u1EB7c nh\u1EEFng ph\u00FAt gi\u00E2y gi\u1EA3i tr\u00ED th\u01B0 gi\u00E3n c\u00F9ng nh\u00F3m b\u1EA1n th\u00E2n trong s\u1EF1 ri\u00EAng t\u01B0 tuy\u1EC7t \u0111\u1ED1i.",
          "desktop": "images/gallary-clubhouse/cinema.jpg",
          "order": 7,
          "alt": "PH\u00D2NG CHI\u1EBEU PHIM",
          "tab": "PH\u00D2NG CHI\u1EBEU PHIM",
          "mobile": "https://res.cloudinary.com/drlpx4bw5/image/upload/v1768012188/phulong-images/Cinema-resize.jpg"
        },
        {
          "des": "M\u1ED9t kho\u1EA3ng l\u1EB7ng t\u00E1ch bi\u1EC7t \u0111\u01B0\u1EE3c thi\u1EBFt k\u1EBF v\u1EDBi \u00E1nh s\u00E1ng d\u1ECBu nh\u1EB9 v\u00E0 kh\u00F4ng gian th\u00F4ng tho\u00E1ng. \u0110\u00E2y l\u00E0 n\u01A1i l\u00FD t\u01B0\u1EDFng \u0111\u1EC3 c\u01B0 d\u00E2n t\u00ECm l\u1EA1i s\u1EF1 c\u00E2n b\u1EB1ng n\u1ED9i t\u00E2m, gi\u1EA3i t\u1ECFa \u00E1p l\u1EF1c v\u00E0 nu\u00F4i d\u01B0\u1EE1ng tinh th\u1EA7n - nh\u1EEFng gi\u00E1 tr\u1ECB c\u1ED1t l\u00F5i trong nh\u1ECBp s\u1ED1ng \u0111\u00F4 th\u1ECB hi\u1EC7n \u0111\u1EA1i.",
          "order": 8,
          "desktop": "images/gallary-clubhouse/yoga.jpg",
          "alt": "PH\u00D2NG YOGA",
          "tab": "PH\u00D2NG YOGA",
          "mobile": "images/gallary-clubhouse/yoga.jpg"
        }
      ],
      "key": "clubhouse_slider",
      "name": "Nh\u00F3m Slider Cubhouse"
    },
    {
      "images": [
        {
          "alt": "C\u00D4NG VI\u00CAN TH\u00DA C\u01AFNG",
          "tab": "C\u00D4NG VI\u00CAN TH\u00DA C\u01AFNG",
          "des": "Kh\u00F4ng gian ri\u00EAng d\u00E0nh cho c\u00E1c \u201Cth\u00E0nh vi\u00EAn b\u1ED1n ch\u00E2n\u201D v\u1EDBi th\u1EA3m xanh r\u1ED9ng tho\u00E1ng, cho ph\u00E9p th\u00FA c\u01B0ng t\u1EF1 do v\u1EADn \u0111\u1ED9ng. Khu v\u1EF1c gh\u1EBF ngh\u1EC9 d\u01B0\u1EDBi t\u00E1n c\u00E2y l\u00E0 n\u01A1i c\u00E1c ch\u1EE7 nu\u00F4i g\u1EB7p g\u1EE1, giao l\u01B0u v\u00E0 chia s\u1EBB nh\u1EEFng kho\u1EA3nh kh\u1EAFc g\u1EAFn k\u1EBFt.",
          "mobile": "images/gallary-park/cong-vien-thu-cung-mobile.jpg",
          "order": 1,
          "desktop": "images/gallary-park/cong-vien-thu-cung.jpg"
        },
        {
          "alt": "S\u00C2N TH\u1EC2 THAO \u0110A N\u0102NG",
          "tab": "S\u00C2N TH\u1EC2 THAO \u0110A N\u0102NG",
          "mobile": "images/gallary-park/san-the-thao-da-nang-mobile.jpg",
          "desktop": "images/gallary-park/san-the-thao-da-nang.jpg",
          "des": "\u0110\u01B0\u1EE3c bao b\u1ECDc b\u1EDFi c\u1EA3nh quan xanh m\u00E1t, s\u00E2n th\u1EC3 thao l\u00E0 \u0111i\u1EC3m h\u1EB9n cho c\u01B0 d\u00E2n r\u00E8n luy\u1EC7n th\u1EC3 ch\u1EA5t, k\u1EBFt n\u1ED1i c\u1ED9ng \u0111\u1ED3ng v\u00E0 t\u1EADn h\u01B0\u1EDFng nh\u1ECBp s\u1ED1ng n\u0103ng \u0111\u1ED9ng gi\u1EEFa thi\u00EAn nhi\u00EAn. V\u1EDBi thi\u1EBFt k\u1EBF hi\u1EC7n \u0111\u1EA1i, m\u1EB7t s\u00E2n \u0111\u1EA1t chu\u1EA9n c\u00F9ng h\u1EC7 th\u1ED1ng r\u00E0o ch\u1EAFn an to\u00E0n, \u0111\u00E2y l\u00E0 kh\u00F4ng gian l\u00FD t\u01B0\u1EDFng cho nh\u1EEFng tr\u1EADn b\u00F3ng r\u1ED5, c\u1EA7u l\u00F4ng hay tennis k\u1ECBch t\u00EDnh.",
          "order": 2
        },
        {
          "des": "Kh\u00E1n \u0111\u00E0i ngo\u00E0i tr\u1EDDi c\u00F3 thi\u1EBFt k\u1EBF h\u00ECnh cung h\u01B0\u1EDBng h\u1ED3, l\u00E0 kh\u00F4ng gian sinh ho\u1EA1t c\u1ED9ng \u0111\u1ED3ng gi\u00E0u c\u1EA3m x\u00FAc. H\u1EC7 \u0111\u00E8n LED d\u00E2y t\u1EA1o hi\u1EC7u \u1EE9ng \u00E1nh s\u00E1ng \u1EA5n t\u01B0\u1EE3ng v\u1EC1 \u0111\u00EAm, mang \u0111\u1EBFn b\u1ED1i c\u1EA3nh l\u00FD t\u01B0\u1EDFng cho c\u00E1c ho\u1EA1t \u0111\u1ED9ng v\u0103n h\u00F3a, th\u01B0\u1EDFng l\u00E3m nh\u1EA1c n\u01B0\u1EDBc hay nh\u1EEFng kho\u1EA3nh kh\u1EAFc ngh\u1EC9 ch\u00E2n th\u01B0 th\u00E1i.",
          "mobile": "images/gallary-park/khan-dai-ngoai-troi-mobile.jpg",
          "desktop": "images/gallary-park/khan-dai-ngoai-troi.jpg",
          "alt": "KH\u00C1N \u0110\u00C0I NGO\u00C0I TR\u1EDCI",
          "order": 3,
          "tab": "KH\u00C1N \u0110\u00C0I NGO\u00C0I TR\u1EDCI"
        },
        {
          "tab": "CH\u00D2I NGH\u1EC8 CH\u00C2N",
          "desktop": "images/gallary-park/choi-nghi-chan.jpg",
          "mobile": "images/gallary-park/choi-nghi-chan-mobile.jpg",
          "alt": "CH\u00D2I NGH\u1EC8 CH\u00C2N",
          "des": "Ch\u00F2i ngh\u1EC9 ch\u00E2n \u0111\u01B0\u1EE3c thi\u1EBFt k\u1EBF nh\u01B0 m\u1ED9t \u0111i\u1EC3m nh\u1EA5n b\u00EAn m\u1EB7t n\u01B0\u1EDBc, n\u01A1i c\u01B0 d\u00E2n th\u01B0 gi\u00E3n, g\u1EB7p g\u1EE1 v\u00E0 t\u1EADn h\u01B0\u1EDFng kh\u00F4ng gian xanh trong nh\u1ECBp s\u1ED1ng Art-Urban. V\u1EDBi kh\u00F4ng gian m\u1EDF v\u00E0 b\u1ED1 c\u1EE5c linh ho\u1EA1t, khu v\u1EF1c n\u00E0y \u0111\u1ED3ng th\u1EDDi l\u00E0 \u0111\u1ECBa \u0111i\u1EC3m t\u1ED5 ch\u1EE9c c\u00E1c s\u1EF1 ki\u1EC7n c\u1ED9ng \u0111\u1ED3ng quy m\u00F4 nh\u1ECF, mang \u0111\u1EBFn nh\u1EEFng kho\u1EA3nh kh\u1EAFc k\u1EBFt n\u1ED1i s\u1ED1ng \u0111\u1ED9ng gi\u1EEFa c\u1EA3nh quan v\u00E0 \u0111\u1EDDi s\u1ED1ng ph\u1ED1 th\u1ECB.",
          "order": 4
        },
        {
          "tab": "\u0110\u01AF\u1EDCNG D\u1EA0O B\u1ED8",
          "desktop": "images/gallary-park/duong-dao-bo.jpg",
          "des": "\u0110\u01B0\u1EDDng d\u1EA1o b\u1ED9 u\u1ED1n l\u01B0\u1EE3n gi\u1EEFa m\u1EA3ng xanh v\u00E0 ki\u1EBFn tr\u00FAc, n\u01A1i c\u01B0 d\u00E2n thong th\u1EA3 t\u1EA3n b\u1ED9, tr\u00F2 chuy\u1EC7n v\u00E0 t\u1EADn h\u01B0\u1EDFng kh\u00F4ng kh\u00ED trong l\u00E0nh m\u1ED7i ng\u00E0y. C\u00E2y xanh, \u00E1nh s\u00E1ng v\u00E0 c\u00E1c \u0111i\u1EC3m ngh\u1EC9 ch\u00E2n \u0111an xen h\u00E0i h\u00F2a, t\u1EA1o n\u00EAn m\u1ED9t nh\u1ECBp s\u1ED1ng m\u1EC1m m\u1EA1i, th\u01B0 th\u00E1i \u0111\u1EA7y sinh kh\u00ED.",
          "alt": "\u0110\u01AF\u1EDCNG D\u1EA0O B\u1ED8",
          "order": 5,
          "mobile": "images/gallary-park/duong-dao-bo-mobile.jpg"
        }
      ],
      "name": "Nh\u00F3m Slider Park",
      "key": "park_slider"
    }
  ],
  "box_news_title": ""
}